Green Day;Basket Case;1994;Melchior Jacobs;melchior-jacobs@mnm.be;2024-07-03 07:21:29
R.E.M.;Drive;1992;Manfred Van Aert;manfred.van_aert@tijdloze.rocks;2024-02-15 13:15:49
The War on Drugs;Red Eyes;2014;Mia Goossens;mia_goossens@hotmail.com;2024-04-05 14:12:17
Led Zeppelin;Stairway to Heaven;1971;Martina De Block;martina1de-block@vrt.be;2024-05-16 10:10:38
Jimi Hendrix;All Along the Watchtower;1968;Maaike Wouters;maaike@wouters@scarlet.be;2024-04-06 05:18:23
Led Zeppelin;Stairway to Heaven;1971;Mariëtte De Smet;mariëtte@de-smet@skyrnet.be;2024-03-17 18:49:47
T.C. Matic;Oh La La La;1981;Moira Van Aert;moira1van_aert@telenet.be;2024-06-27 01:21:24
The Cure;A Forest;1980;Marjolein De Block;marjolein@deblock@mnm.be;2024-07-17 05:58:00
Ike & Tina Turner;Nutbush City Limits;1973;Mieke Peeters;mieke0peeters@vrt.be;2024-07-07 15:14:05
The Sisters of Mercy;Alice;1982;Melle Van der poel;melleenvan.der.poel@scarlet.be;2024-07-25 19:44:23
Oasis;Don't Look Back in Anger;1995;Mitchel Van eynde;mitchel-vaneynde@yahoo.com;2024-10-15 01:26:43
Gorki;Mia;1992;Meike Peeters;meike_peeters@scarlet.be;2024-04-19 08:06:16
The Rolling Stones;Sympathy for the Devil;1968;Milano Claes;milano.claes@protonmail.com;2024-02-11 13:00:23
dEUS;Hotellounge;1994;Maria Van eynde;maria_van_eynde@gmx.com;2024-06-11 17:15:10
AC/DC;Highway to Hell;1979;Maria Maes;maria0maes@gmx.com;2024-10-25 04:52:59
Kings of Leon;Sex on Fire;2008;Marcellus Peeters;marcellus.peeters@mail.google.com;2024-02-09 10:25:30
Daan;Housewife;2004;Mare Van der poel;mare0vanderpoel@scarlet.be;2024-02-07 20:04:46
Red Zebra;I Can't Live in a Living Room;1980;Mayke Van eynde;mayke@van-eynde@yahoo.com;2024-03-21 22:31:17
Faithless;God Is A DJ;1998;Margo De Smet;margo0de.smet@outlook.com;2024-11-07 10:39:59
Sinéad O'Connor;Troy;1987;Mohammed Wouters;mohammed@wouters@hotmail.com;2024-11-11 07:27:10
Jeff Buckley;Grace;1994;Morris Jacobs;morris@jacobs@gmx.com;2024-10-17 05:02:00
The Sisters of Mercy;Temple of Love;1983;Marjolein Jacobs;marjolein@jacobs@gmx.com;2024-11-28 05:42:49
Queen;Bohemian Rhapsody;1975;Miquel Willems;miquel_willems@mnm.be;2024-01-12 07:10:31
Joy Division;Love Will Tear Us Apart;1980;Mike Jacobs;mikeenjacobs@tijdloze.rocks;2024-01-28 02:04:33
The Doors;Riders on the Storm;1971;Moira Claes;moira123claes@gmx.com;2024-05-25 07:58:41
The Rolling Stones;Angie;1973;Maximiliaan Peeters;maximiliaan.peeters@uhasselt.be;2024-03-16 17:23:42
Scorpions;Still Loving You;1984;Martha Jacobs;martha_jacobs@yahoo.com;2024-07-22 08:07:54
John Lennon;Imagine;1971;Mitis Claes;mitis123claes@gmx.com;2024-04-18 02:13:56
Foo Fighters;Everlong;1997;Mattijn De Block;mattijn123deblock@yahoo.com;2024-10-07 17:49:55
Gorki;Mia;1992;Mustafa Van der poel;mustafaenvan-der-poel@gmx.com;2024-11-11 19:16:35
The Police;Every Breath You Take;1983;Mona Van Aert;monaenvan.aert@mail.google.com;2024-10-14 09:50:33
Dire Straits;Sultans of Swing;1978;Mats Mertens;matsenmertens@scarlet.be;2024-02-14 13:48:41
dEUS;Roses;1996;Marcel Jacobs;marcelenjacobs@mail.google.com;2024-10-17 03:03:36
Amy Winehouse;Back to Black;2006;Manuela De Smet;manuela1de.smet@tijdloze.rocks;2024-11-18 19:15:23
Pink Floyd;Wish You Were Here;1975;Mees Peeters;mees123peeters@skyrnet.be;2024-03-08 02:40:03
Steppenwolf;Born to Be Wild;1968;Mijndert Claes;mijndert@claes@yahoo.com;2024-04-24 07:29:16
Dire Straits;Private Investigations;1982;Marnix Willems;marnix@willems@gmail.com;2024-08-25 12:38:38
The Offspring;Self Esteem;1994;Mylan De Smet;mylan_de.smet@scarlet.be;2024-09-08 09:32:27
Faithless;Insomnia;1996;Maxime Maes;maxime.maes@telenet.be;2024-04-04 06:08:49
Radiohead;Paranoid Android;1997;Mien De Block;mien_de_block@min-min.com;2024-05-03 13:14:31
dEUS;Suds & Soda;1994;Meta De Smet;meta_de-smet@tijdloze.rocks;2024-09-05 06:23:54
The Smashing Pumpkins;Disarm;1993;Matty Van Aert;mattyenvan.aert@min-min.com;2024-05-17 03:08:20
Linkin Park;In the End;2000;Melanie Goossens;melanieengoossens@protonmail.com;2024-07-28 02:55:34
Rammstein;Sonne;2001;Milano Wouters;milanoenwouters@scarlet.be;2024-12-19 02:52:36
U2;New Year's Day;1983;Manuel Van der poel;manuel@vanderpoel@scarlet.be;2024-09-06 03:03:19
AC/DC;Thunderstruck;1990;Marian Willems;marian1willems@gmail.com;2024-03-13 06:42:51
Lou Reed;Walk on the Wild Side;1972;Marijn Maes;marijn0maes@yahoo.com;2024-09-17 04:22:14
Eagles;Hotel California;1976;Milad Maes;milad0maes@skyrnet.be;2024-09-21 18:45:26
Editors;No Sound but the Wind;2010;Marvin Wouters;marvinenwouters@studiobrussel.be;2024-04-12 16:57:18
R.E.M.;Everybody Hurts;1992;Myrthe Janssens;myrthe.janssens@gmx.com;2024-09-17 10:22:51
The Beatles;Hey Jude;1968;Marcellus Mertens;marcellus1mertens@min-min.com;2024-07-19 03:56:21
The Doors;Riders on the Storm;1971;MachielMahmoed Wouters;machielmahmoed@wouters@protonmail.com;2024-02-06 06:07:40
Radiohead;Creep;1993;Marten Peeters;marten0peeters@mail.google.com;2024-09-27 10:16:25
Fleetwood Mac;Everywhere;1987;Maurice Van eynde;maurice@vaneynde@gmx.com;2024-04-11 23:54:26
David Bowie;"""Heroes""";1977;Marnick Van der poel;marnickenvan.der.poel@uhasselt.be;2024-03-18 05:57:22
Deep Purple;Smoke on the Water;1972;Mina De Block;mina1de_block@mnm.be;2024-12-20 09:37:46
Bob Marley & the Wailers;No Woman, No Cry;1974;Meike De Block;meike123de_block@gmail.com;2024-07-25 18:41:05
Guns n' Roses;November Rain;1991;Michaela Maes;michaela0maes@protonmail.com;2024-11-15 21:35:41
Foo Fighters;My Hero;1997;Mathias Jacobs;mathias-jacobs@scarlet.be;2024-07-05 02:49:31
Live;They Stood Up for Love;1999;Mandy Wouters;mandy_wouters@skyrnet.be;2024-04-25 22:29:32
The Rolling Stones;Paint It Black;1966;Myra Jacobs;myra-jacobs@uhasselt.be;2024-06-28 19:24:48
Dire Straits;Brothers in Arms;1985;Mia Jacobs;mia1jacobs@studiobrussel.be;2024-06-10 19:32:07
Pearl Jam;Alive;1991;Mieke Van Aert;mieke123van-aert@vrt.be;2024-04-27 17:27:47
John Lennon;Imagine;1971;Marcellus Van Aert;marcellus-vanaert@protonmail.com;2024-07-27 21:05:37
3 Doors Down;Kryptonite;2000;Madeleine Claes;madeleine-claes@vrt.be;2024-04-28 19:32:22
KISS;I Was Made for Lovin' You;1979;Meike Mertens;meike@mertens@scarlet.be;2024-06-28 06:25:46
The Smiths;There Is a Light That Never Goes Out;1986;Marcel Wouters;marcel-wouters@studiobrussel.be;2024-10-11 09:28:42
Jeff Buckley;Hallelujah;1994;Marian Van eynde;marian1van.eynde@mnm.be;2024-08-12 03:34:24
Eagles;Hotel California;1976;Mike Peeters;mike-peeters@outlook.com;2024-12-13 18:46:46
T.C. Matic;Oh La La La;1981;Marja Willems;marjaenwillems@vrt.be;2024-07-16 09:06:43
Black Sabbath;Paranoid;1970;Merijn Claes;merijn@claes@min-min.com;2024-08-21 18:54:04
Neil Young;Like a Hurricane;1977;Manfred Jacobs;manfred123jacobs@uhasselt.be;2024-03-03 02:24:05
dEUS;Nothing Really Ends;2001;Midas Mertens;midas123mertens@gmx.com;2024-06-18 18:21:52
Pennywise;Bro Hymn Tribute;1997;Max Willems;max.willems@uhasselt.be;2024-01-02 12:56:09
Foo Fighters;My Hero;1997;Mireille Wouters;mireille123wouters@vrt.be;2024-12-18 05:08:33
Massive Attack;Unfinished Sympathy;1991;Mien De Smet;mien123de.smet@min-min.com;2024-09-22 16:55:03
Michael Jackson;Thriller;1982;Manuela Wouters;manuela1wouters@min-min.com;2024-11-12 11:51:01
dEUS;Instant Street;1999;Michaël De Smet;michaël0de-smet@mnm.be;2024-05-15 14:42:33
AC/DC;Whole Lotta Rosie;1977;Milou Van der poel;milou123van.der.poel@studiobrussel.be;2024-06-27 08:42:58
John Lennon;Imagine;1971;Michaël Wouters;michaëlenwouters@mnm.be;2024-06-21 18:10:08
Novastar;Wrong;2000;Mitchel Van Aert;mitchel1vanaert@scarlet.be;2024-09-05 15:20:40
Meat Loaf;Paradise by the Dashboard Light;1977;Minke Willems;minke_willems@skyrnet.be;2024-09-26 19:48:25
The Rolling Stones;Angie;1973;Mara Maes;mara_maes@mnm.be;2024-08-02 17:03:35
Billy Joel;Piano Man;1973;Mattijn Peeters;mattijnenpeeters@outlook.com;2024-04-02 23:37:44
Nirvana;Smells Like Teen Spirit;1991;Marloes Maes;marloes_maes@hotmail.com;2024-04-25 01:06:10
Eagles;Hotel California;1976;Mayke De Smet;mayke_de_smet@mail.google.com;2024-08-02 10:50:18
The Beatles;A Day in the Life;1967;Marleen Wouters;marleen-wouters@protonmail.com;2024-07-19 01:31:01
Metallica;Nothing Else Matters;1991;Michelle Van der poel;michelle-van.der.poel@outlook.com;2024-05-19 11:36:08
Metallica;One;1988;Marc Van eynde;marc.vaneynde@telenet.be;2024-10-27 20:29:55
dEUS;Roses;1996;Marcel Goossens;marcel_goossens@min-min.com;2024-08-06 19:47:23
Pixies;Where Is My Mind?;1988;Mina Willems;mina.willems@studiobrussel.be;2024-02-02 19:45:03
David Bowie;"""Heroes""";1977;Mien Van der poel;mien123vanderpoel@yahoo.com;2024-01-21 02:24:34
Led Zeppelin;Whole Lotta Love;1969;Mien Maes;mien.maes@tijdloze.rocks;2024-10-21 08:11:18
The Sisters of Mercy;Alice;1982;Milad De Smet;milad1de_smet@uhasselt.be;2024-01-24 19:50:29
The Cranberries;Zombie;1994;Mette Peeters;metteenpeeters@vrt.be;2024-11-05 15:27:42
The Troggs;Wild Thing;1966;Maike Van eynde;maike-van_eynde@mail.google.com;2024-02-09 04:26:06
3 Doors Down;Kryptonite;2000;Moniek De Block;moniek1de.block@vrt.be;2024-08-18 11:34:02
Tool;Schism;2001;Maureen Van Aert;maureen.van_aert@hotmail.com;2024-02-01 02:40:57
The Smashing Pumpkins;Disarm;1993;Merle Wouters;merle@wouters@uhasselt.be;2024-05-22 19:04:07
Guns n' Roses;November Rain;1991;Marinus Janssens;marinus1janssens@skyrnet.be;2024-12-02 10:22:02
Bruce Springsteen;Born to Run;1975;Marniks Jacobs;marniks0jacobs@tijdloze.rocks;2024-12-08 02:05:17
The Beatles;Hey Jude;1968;Marleen Van eynde;marleen123vaneynde@yahoo.com;2024-08-13 05:54:58
U2;Sunday Bloody Sunday;1983;Marian Willems;marian123willems@outlook.com;2024-08-27 23:19:59
The Rolling Stones;Angie;1973;Marie De Block;marie.de.block@studiobrussel.be;2024-10-14 01:04:30
Golden Earring;Radar Love;1973;Magdalena Goossens;magdalenaengoossens@telenet.be;2024-11-25 19:51:20
Nirvana;Lithium;1991;Marjolijn De Block;marjolijn-de.block@yahoo.com;2024-09-21 10:17:52
Led Zeppelin;Whole Lotta Love;1969;Mariana Jacobs;marianaenjacobs@outlook.com;2024-12-26 07:56:24
Joy Division;Love Will Tear Us Apart;1980;Mara De Block;mara_de.block@tijdloze.rocks;2024-06-03 13:41:44
The Scabs;Hard Times;1990;Moreno Jacobs;moreno-jacobs@mail.google.com;2024-02-20 05:33:04
Depeche Mode;Enjoy the Silence;1990;Martine De Block;martine.de_block@gmx.com;2024-12-10 21:11:18
Nick Cave;The Ship Song;1990;Marvin Willems;marvinenwillems@uhasselt.be;2024-03-26 16:51:03
The Doors;Light My Fire;1967;Marion Wouters;marion0wouters@mnm.be;2024-02-23 19:00:55
Underworld;Born Slippy;1995;Merel Jacobs;merel1jacobs@outlook.com;2024-09-08 12:53:41
Levellers;One Way;1991;Marijn Van Aert;marijn1van_aert@yahoo.com;2024-03-06 20:33:59
Rage Against the Machine;Killing in the Name;1992;Monica Van eynde;monica@van.eynde@uhasselt.be;2024-03-21 19:44:04
Pink Floyd;Comfortably Numb;1979;Murk Van Aert;murk@van_aert@min-min.com;2024-11-08 22:10:34
Dire Straits;Private Investigations;1982;Martine Goossens;martine.goossens@uhasselt.be;2024-07-23 17:20:01
Radiohead;Fake Plastic Trees;1995;Mathias De Smet;mathias_de_smet@hotmail.com;2024-11-08 10:02:50
Red Hot Chili Peppers;Californication;1999;Mike Wouters;mike.wouters@scarlet.be;2024-01-17 17:41:04
Melissa Etheridge;Like the Way I Do;1988;Marianne Wouters;marianne123wouters@gmail.com;2024-01-07 20:35:48
Queens of the Stone Age;No One Knows;2002;Milena Goossens;milena123goossens@tijdloze.rocks;2024-01-18 17:48:05
Bush;Glycerine;1994;Mare Van der poel;mare-van-der-poel@vrt.be;2024-06-01 02:48:39
Nirvana;Smells Like Teen Spirit;1991;Mick Van eynde;mick@van_eynde@gmx.com;2024-08-24 03:44:52
Nirvana;Smells Like Teen Spirit;1991;Melroy Van eynde;melroy0vaneynde@uhasselt.be;2024-04-06 10:08:18
Radiohead;Karma Police;1997;Marissa Van eynde;marissa@van_eynde@hotmail.com;2024-12-18 20:27:48
Tool;Schism;2001;Mara Jacobs;mara0jacobs@gmx.com;2024-09-03 20:37:47
The Smashing Pumpkins;Disarm;1993;Maria Claes;maria@claes@yahoo.com;2024-07-05 15:40:18
dEUS;Hotellounge;1994;Milo Van eynde;milo1van.eynde@yahoo.com;2024-02-05 15:57:20
Prince;Purple Rain;1984;Martien Mertens;martien_mertens@vrt.be;2024-10-16 15:01:39
dEUS;Hotellounge;1994;Marlene De Smet;marlene0desmet@studiobrussel.be;2024-04-11 07:02:29
The Smiths;Bigmouth Strikes Again;1986;Madelief Willems;madeliefenwillems@scarlet.be;2024-05-02 05:26:26
Radiohead;Creep;1993;Meike De Block;meike-de-block@protonmail.com;2024-06-26 15:42:02
Metallica;One;1988;Maartje Wouters;maartje-wouters@skyrnet.be;2024-10-03 16:00:47
Pearl Jam;Black;1991;Marek Janssens;marek1janssens@gmx.com;2024-11-23 18:14:03
The Rolling Stones;Paint It Black;1966;Marjolein Mertens;marjoleinenmertens@vrt.be;2024-12-14 02:02:16
Linkin Park;In the End;2000;Misja Willems;misja123willems@outlook.com;2024-04-04 14:02:02
Motörhead;Ace of Spades;1980;Meindert Van eynde;meindertenvan.eynde@protonmail.com;2024-09-11 15:38:23
Counting Crows;Mr. Jones;1993;Marco Claes;marco.claes@min-min.com;2024-04-11 21:45:20
The Sisters of Mercy;Temple of Love;1983;Marjan Mertens;marjan0mertens@skyrnet.be;2024-03-06 06:29:13
U2;With or Without You;1987;Mayra Van der poel;mayra_van_der_poel@scarlet.be;2024-04-09 12:06:55
Radiohead;Creep;1993;Marcia Willems;marciaenwillems@mail.google.com;2024-03-16 23:38:45
dEUS;Roses;1996;Mels Jacobs;mels.jacobs@protonmail.com;2024-08-06 08:54:06
Nick Cave;Into My Arms;1997;Melroy De Block;melroy@de_block@uhasselt.be;2024-05-15 11:11:51
David Bowie;Space Oddity;1969;Marianne Mertens;marianne1mertens@yahoo.com;2024-06-11 12:50:49
Nirvana;Smells Like Teen Spirit;1991;Mylène Willems;mylèneenwillems@mnm.be;2024-06-10 04:58:51
Michael Jackson;Thriller;1982;Merve Janssens;merve@janssens@scarlet.be;2024-04-04 16:38:11
dEUS;Suds & Soda;1994;Marleen Mertens;marleen0mertens@yahoo.com;2024-03-22 01:06:30
Radiohead;Creep;1993;Miguel De Block;miguelende_block@tijdloze.rocks;2024-03-21 06:13:59
David Bowie;Ziggy Stardust;1972;Melle Maes;melle.maes@gmail.com;2024-08-04 09:53:12
The Doors;Light My Fire;1967;Mercedes De Block;mercedes-de-block@outlook.com;2024-02-11 10:41:33
Radiohead;Paranoid Android;1997;Maikel Wouters;maikel.wouters@skyrnet.be;2024-12-28 15:56:24
The Temptations;Papa Was a Rollin' Stone;1972;Mirte Willems;mirte-willems@mail.google.com;2024-01-07 04:34:56
Black Sabbath;Paranoid;1970;Mercedes De Smet;mercedes@desmet@telenet.be;2024-03-26 18:13:55
Pink Floyd;Wish You Were Here;1975;Max Willems;max-willems@uhasselt.be;2024-10-17 10:02:25
The Beatles;A Day in the Life;1967;Maja Peeters;maja0peeters@uhasselt.be;2024-04-06 18:51:07
dEUS;Nothing Really Ends;2001;Marga Maes;marga123maes@outlook.com;2024-06-01 04:50:30
Arctic Monkeys;R U Mine?;2013;Mario Van der poel;mario_van_der_poel@min-min.com;2024-07-17 07:22:58
U2;One;1991;Mette Van der poel;mette_vanderpoel@protonmail.com;2024-09-27 18:55:16
dEUS;Instant Street;1999;Marlene Claes;marleneenclaes@outlook.com;2024-05-28 09:43:58
Sinéad O'Connor;Troy;1987;Milad Maes;milad-maes@vrt.be;2024-01-17 18:41:50
Guns n' Roses;Sweet Child o' Mine;1987;Marie Janssens;marie_janssens@tijdloze.rocks;2024-07-17 08:03:24
U2;With or Without You;1987;Merlijn Peeters;merlijnenpeeters@mail.google.com;2024-08-20 10:20:15
Lou Reed;Perfect Day;1972;Maurits Wouters;mauritsenwouters@tijdloze.rocks;2024-11-14 11:33:55
Radiohead;Creep;1993;Mels Van eynde;mels0van.eynde@scarlet.be;2024-05-23 06:11:46
Bryan Adams;Summer of '69;1984;Moreno Goossens;moreno@goossens@min-min.com;2024-06-26 08:37:37
Red Zebra;I Can't Live in a Living Room;1980;Marniks Claes;marniks@claes@gmail.com;2024-12-21 22:26:25
Billy Joel;Goodnight Saigon;1982;Megan Jacobs;megan123jacobs@gmx.com;2024-12-16 03:07:21
U2;With or Without You;1987;Milan Jacobs;milan.jacobs@scarlet.be;2024-10-14 21:35:38
Radiohead;Creep;1993;Madelief Jacobs;madelief_jacobs@mnm.be;2024-08-13 11:05:06
Prince;Sign 'O' The Times;1987;Margarita Jacobs;margarita@jacobs@vrt.be;2024-01-27 22:46:48
Metallica;Nothing Else Matters;1991;Matthias Jacobs;matthias123jacobs@mnm.be;2024-12-26 20:30:42
Green Day;Basket Case;1994;Micil Willems;micil.willems@mnm.be;2024-12-14 20:53:52
Bob Dylan;Hurricane;1976;Mireille De Block;mireille0de.block@telenet.be;2024-10-13 07:56:39
The Rolling Stones;Gimme Shelter;1969;Madelon Goossens;madelon.goossens@tijdloze.rocks;2024-01-10 22:12:37
U2;Pride (In the Name of Love);1984;Marlies Van eynde;marlies0van_eynde@gmx.com;2024-08-24 23:23:35
U2;Pride (In the Name of Love);1984;Mattijn Jacobs;mattijn1jacobs@vrt.be;2024-06-11 07:08:29
Counting Crows;Mr. Jones;1993;Mario Janssens;mario0janssens@gmail.com;2024-10-11 03:03:56
Guns n' Roses;November Rain;1991;Manar De Smet;manar.de-smet@protonmail.com;2024-02-18 20:22:47
Bryan Adams;(Everything I Do) I Do It for You;1991;Marcia Van Aert;marcia@van.aert@mnm.be;2024-04-19 06:50:30
dEUS;Hotellounge;1994;Merijn Wouters;merijn_wouters@mail.google.com;2024-01-24 07:22:00
John Miles;Music;1976;Marian Jacobs;marian_jacobs@min-min.com;2024-11-15 22:06:20
The Beatles;Help!;1965;Marniks Goossens;marniks123goossens@hotmail.com;2024-12-19 09:39:39
Anne Clark;Our Darkness;1984;Marjolijn Peeters;marjolijn-peeters@telenet.be;2024-07-18 05:36:08
Tom Waits;Martha;1973;Mireille Van Aert;mireille-van.aert@gmx.com;2024-03-21 08:45:20
Massive Attack;Unfinished Sympathy;1991;Merle Willems;merle1willems@vrt.be;2024-12-12 17:41:51
Procol Harum;A Whiter Shade of Pale;1967;Marcel Goossens;marcel123goossens@skyrnet.be;2024-03-03 01:41:24
Neil Young;Heart of Gold;1972;Marten Maes;marten.maes@scarlet.be;2024-04-03 17:00:22
AC/DC;Thunderstruck;1990;Mickey Goossens;mickey@goossens@skyrnet.be;2024-07-05 01:46:04
Fleetwood Mac;Go Your Own Way;1977;Maxime Van eynde;maxime@van_eynde@gmail.com;2024-12-25 22:03:29
Faithless;Insomnia;1996;Martinus Maes;martinus0maes@hotmail.com;2024-01-22 06:50:48
Santana;Samba Pa Ti;1970;Martin Mertens;martin-mertens@skyrnet.be;2024-12-19 02:15:22
U2;One;1991;Maurice Willems;maurice1willems@gmail.com;2024-02-08 13:02:54
Red Zebra;I Can't Live in a Living Room;1980;Marijn Willems;marijn1willems@scarlet.be;2024-09-02 13:52:09
The Cranberries;Zombie;1994;Mare Jacobs;mare.jacobs@hotmail.com;2024-03-06 18:10:33
Radiohead;Paranoid Android;1997;Murk Wouters;murk_wouters@gmx.com;2024-10-12 23:17:33
Nirvana;Lithium;1991;Manar Van Aert;manar0van-aert@gmx.com;2024-03-09 15:36:15
Golden Earring;When the Lady Smiles;1984;Machteld Van Aert;machteld0vanaert@mail.google.com;2024-04-01 13:50:32
Deep Purple;Smoke on the Water;1972;Mare De Smet;mare0de.smet@mail.google.com;2024-03-21 21:34:22
The Smashing Pumpkins;Bullet with Butterfly Wings;1995;Melissa Van der poel;melissa-van_der_poel@telenet.be;2024-12-19 11:45:06
Iggy Pop;The Passenger;1977;Mieke Mertens;miekeenmertens@min-min.com;2024-12-13 04:16:20
Sinéad O'Connor;Troy;1987;Monica Claes;monica.claes@skyrnet.be;2024-11-11 04:50:36
Pixies;Debaser;1989;Midas De Block;midas-deblock@protonmail.com;2024-01-15 04:43:45
The Rolling Stones;Paint It Black;1966;Mieke Goossens;miekeengoossens@yahoo.com;2024-12-01 12:13:40
Meat Loaf;Paradise by the Dashboard Light;1977;Murk Maes;murk123maes@outlook.com;2024-04-21 07:34:08
Faithless;Insomnia;1996;Merel Mertens;merel0mertens@gmail.com;2024-08-01 07:32:06
AC/DC;Whole Lotta Rosie;1977;Martijn De Block;martijnende_block@mnm.be;2024-05-14 07:42:29
Roy Orbison;Oh Pretty Woman;1964;Melissa De Block;melissa@de-block@gmx.com;2024-03-26 10:16:17
Scorpions;Still Loving You;1984;Melroy Peeters;melroy1peeters@skyrnet.be;2024-11-03 23:56:26
Led Zeppelin;Whole Lotta Love;1969;Maxime Van eynde;maxime0van-eynde@min-min.com;2024-03-06 21:17:01
The Smiths;There Is a Light That Never Goes Out;1986;Margot De Block;margot.de_block@skyrnet.be;2024-03-08 12:21:18
Goose;Synrise;2010;Madeleine Claes;madeleine.claes@min-min.com;2024-12-24 18:26:16
Metallica;Master of Puppets;1986;Mona Jacobs;monaenjacobs@min-min.com;2024-04-15 12:14:53
Metallica;One;1988;Mariana Claes;mariana123claes@vrt.be;2024-08-08 18:06:21
Bruce Springsteen;Born to Run;1975;Mette Goossens;mette_goossens@mnm.be;2024-02-02 16:41:17
Nick Cave;Into My Arms;1997;Mylène Wouters;mylène@wouters@gmail.com;2024-07-21 20:12:16
John Lennon;Imagine;1971;Marek De Block;marek1de.block@mail.google.com;2024-12-11 15:25:38
Tom Waits;Martha;1973;Miguel Claes;miguel-claes@telenet.be;2024-06-28 17:43:04
Journey;Don't Stop Believin';1981;Martine Willems;martine@willems@mnm.be;2024-07-01 12:52:20
Johnny Cash;Hurt;2002;Milan Van eynde;milan@van_eynde@hotmail.com;2024-08-01 04:52:57
Lou Reed;Walk on the Wild Side;1972;Melchior Goossens;melchiorengoossens@skyrnet.be;2024-07-05 22:01:16
Radiohead;Creep;1993;Mercedes Willems;mercedes.willems@min-min.com;2024-02-16 01:59:18
Pixies;Debaser;1989;Marijke Van der poel;marijke_vanderpoel@mnm.be;2024-06-11 23:32:38
Krezip;I Would Stay;2000;Mariana Mertens;mariana_mertens@mnm.be;2024-03-07 21:27:09
Ram Jam;Black Betty;1977;Max Van der poel;max1van.der.poel@protonmail.com;2024-01-15 21:18:23
Melissa Etheridge;Like the Way I Do;1988;Moira Janssens;moira0janssens@studiobrussel.be;2024-11-22 10:27:23
Red Hot Chili Peppers;Under the Bridge;1991;Marc De Smet;marc@de.smet@uhasselt.be;2024-04-27 14:58:34
Led Zeppelin;Whole Lotta Love;1969;Micaël Willems;micaël.willems@vrt.be;2024-11-27 09:00:44
Pearl Jam;Alive;1991;Melody Van der poel;melody_vanderpoel@scarlet.be;2024-02-26 08:43:45
Led Zeppelin;Whole Lotta Love;1969;Miep Mertens;miep.mertens@mail.google.com;2024-06-20 15:25:47
The Sisters of Mercy;Temple of Love;1983;Marnick De Block;marnickendeblock@yahoo.com;2024-08-25 09:59:35
Nick Cave;Into My Arms;1997;Maxim Willems;maxim1willems@tijdloze.rocks;2024-09-09 14:01:07
Deep Purple;Smoke on the Water;1972;Marike Goossens;marike.goossens@gmail.com;2024-06-27 12:35:25
The Doors;The End;1967;Marja Wouters;marja.wouters@mail.google.com;2024-09-15 20:17:17
The Doors;Riders on the Storm;1971;Michaela De Smet;michaela123de.smet@min-min.com;2024-10-06 05:24:28
The Smiths;There Is a Light That Never Goes Out;1986;Mariska Maes;mariska_maes@min-min.com;2024-02-13 19:43:30
3 Doors Down;Kryptonite;2000;Melle Janssens;melle-janssens@scarlet.be;2024-11-10 01:09:21
Led Zeppelin;Stairway to Heaven;1971;Mireille De Smet;mireilleende.smet@protonmail.com;2024-09-10 17:27:11
The War on Drugs;Red Eyes;2014;Maria Maes;maria0maes@mnm.be;2024-04-14 01:37:18
Talking Heads;Psycho Killer;1977;Mien Mertens;mien123mertens@studiobrussel.be;2024-06-24 21:42:41
Radiohead;Creep;1993;Mila Van Aert;mila1van-aert@hotmail.com;2024-02-05 03:45:31
Gorki;Mia;1992;Martina Janssens;martinaenjanssens@vrt.be;2024-05-12 21:50:10
Linkin Park;In the End;2000;Meike Van eynde;meikeenvan_eynde@hotmail.com;2024-07-07 17:25:30
Cockney Rebel;Sebastian;1973;Minka Janssens;minka123janssens@mnm.be;2024-01-03 07:24:32
dEUS;Hotellounge;1994;Meindert Claes;meindert0claes@protonmail.com;2024-11-04 13:15:46
Fischer-Z;So Long;1980;Mien Van Aert;mien@van-aert@hotmail.com;2024-08-17 04:31:28
Alanis Morissette;Ironic;1995;Marten Jacobs;marten_jacobs@mail.google.com;2024-05-20 11:46:44
Scott McKenzie;San Francisco;1967;Max Van der poel;max.van.der.poel@uhasselt.be;2024-12-22 16:13:18
The Killers;Mr. Brightside;2004;Margriet Goossens;margrietengoossens@protonmail.com;2024-10-18 17:49:07
T.C. Matic;Oh La La La;1981;Mylan Willems;mylan-willems@min-min.com;2024-12-13 07:24:54
Neil Young;Like a Hurricane;1977;Merijn Peeters;merijn.peeters@yahoo.com;2024-05-26 22:02:07
Muse;New Born;2001;Michel Van der poel;michel-van_der_poel@telenet.be;2024-11-19 08:46:51
Pearl Jam;Jeremy;1991;Mariana Van eynde;mariana0van.eynde@protonmail.com;2024-07-01 11:07:51
Deep Purple;Child in Time;1970;Marga Janssens;marga-janssens@hotmail.com;2024-11-20 15:23:35
Muse;Knights of Cydonia;2006;Maureen Peeters;maureen_peeters@mail.google.com;2024-05-06 12:05:13
dEUS;Instant Street;1999;Maxime Willems;maxime1willems@uhasselt.be;2024-03-04 06:35:23
Anne Clark;Our Darkness;1984;Mirano De Block;mirano@deblock@gmail.com;2024-08-27 16:54:13
Lou Reed;Perfect Day;1972;Mickey Van der poel;mickey123van.der.poel@mnm.be;2024-05-26 20:52:08
Push;Universal Nation;1998;Madelief De Block;madelief123de.block@mail.google.com;2024-05-18 04:58:08
Pink Floyd;Shine On You Crazy Diamond;1975;Marnick Van Aert;marnick@vanaert@outlook.com;2024-02-15 15:11:51
The Doors;Riders on the Storm;1971;Mels Goossens;mels-goossens@scarlet.be;2024-07-14 19:30:14
Muse;Knights of Cydonia;2006;Miep Van der poel;miepenvan_der_poel@mnm.be;2024-11-15 15:52:08
Lou Reed;Perfect Day;1972;Marnick Goossens;marnick1goossens@telenet.be;2024-07-20 06:17:24
Guns n' Roses;November Rain;1991;Matthew Peeters;matthew_peeters@uhasselt.be;2024-06-25 12:28:36
Foo Fighters;Everlong;1997;Mika Willems;mika123willems@mail.google.com;2024-09-02 23:48:24
Jimi Hendrix;All Along the Watchtower;1968;Marthe De Smet;marthe-de-smet@yahoo.com;2024-08-16 13:06:12
Elvis Costello;I Want You;1986;Michiel Van Aert;michiel123vanaert@mnm.be;2024-05-27 16:20:48
The Police;Roxanne;1978;Mayra Willems;mayra0willems@tijdloze.rocks;2024-04-26 10:06:14
The Beatles;Yesterday;1965;Martina Peeters;martinaenpeeters@mail.google.com;2024-05-05 06:35:50
Neil Young;Rockin' in the Free World;1989;Mila De Smet;mila0de-smet@skyrnet.be;2024-08-22 01:34:02
Tool;Schism;2001;Martinus De Smet;martinus0desmet@min-min.com;2024-07-24 10:46:49
Lou Reed;Perfect Day;1972;Mats Claes;mats.claes@tijdloze.rocks;2024-11-13 10:28:01
Sinéad O'Connor;Troy;1987;Maartje Van Aert;maartje.van.aert@gmail.com;2024-05-26 20:17:29
Sinéad O'Connor;Troy;1987;Monique Van Aert;monique.van_aert@skyrnet.be;2024-04-20 18:18:53
Laurent Garnier;The Man with the Red Face;2000;Mona Wouters;monaenwouters@skyrnet.be;2024-06-09 19:10:53
The Smashing Pumpkins;Bullet with Butterfly Wings;1995;Morris Janssens;morrisenjanssens@telenet.be;2024-11-28 05:30:50
The Doors;Light My Fire;1967;Mette Willems;mette_willems@skyrnet.be;2024-05-21 04:24:16
Deep Purple;Child in Time;1970;Mitis Wouters;mitis0wouters@outlook.com;2024-05-19 01:45:38
Jeff Buckley;Grace;1994;Moussa Maes;moussa-maes@vrt.be;2024-06-25 20:06:59
Black Sabbath;Paranoid;1970;Marina Van Aert;marinaenvanaert@outlook.com;2024-05-14 01:09:32
The Troggs;Wild Thing;1966;Mylan Maes;mylan_maes@tijdloze.rocks;2024-10-19 01:18:24
Iggy Pop;The Passenger;1977;Madelon De Block;madelon.de-block@scarlet.be;2024-04-01 22:27:04
Prince;Purple Rain;1984;Matthew Willems;matthewenwillems@studiobrussel.be;2024-09-12 17:40:55
Metallica;One;1988;Marniks Van eynde;marniks_vaneynde@uhasselt.be;2024-11-24 07:54:55
Nick Cave;Into My Arms;1997;Matthias Van Aert;matthias_van_aert@protonmail.com;2024-04-24 23:44:47
Red Hot Chili Peppers;Under the Bridge;1991;Margot Claes;margot123claes@min-min.com;2024-01-17 07:11:26
Oasis;Wonderwall;1995;Monica Maes;monica_maes@outlook.com;2024-02-07 22:33:32
Kate Bush;Wuthering Heights;1978;Michaël De Block;michaël123de-block@gmail.com;2024-10-27 02:33:58
Pixies;Debaser;1989;Monique Wouters;moniqueenwouters@mail.google.com;2024-09-24 09:48:10
Deep Purple;Child in Time;1970;Milad Jacobs;milad.jacobs@gmx.com;2024-08-19 13:40:57
Radiohead;Karma Police;1997;Mart De Smet;mart0de-smet@gmx.com;2024-11-26 23:27:38
Eagles;Hotel California;1976;Marit Jacobs;marit.jacobs@telenet.be;2024-07-15 11:43:43
AC/DC;Highway to Hell;1979;Moniek De Block;moniek1de.block@yahoo.com;2024-03-04 18:39:08
Editors;Papillon;2009;Meta Van eynde;meta0van_eynde@min-min.com;2024-02-09 12:05:36
Queen;Bohemian Rhapsody;1975;Marie Peeters;marieenpeeters@tijdloze.rocks;2024-12-14 10:44:51
Jeff Buckley;Hallelujah;1994;Morris Jacobs;morris-jacobs@protonmail.com;2024-04-17 17:23:47
Nick Cave;The Ship Song;1990;Marinus Maes;marinus123maes@skyrnet.be;2024-09-22 15:00:52
Guns n' Roses;November Rain;1991;Mario Willems;mario0willems@gmail.com;2024-07-05 22:33:13
Eagles;Hotel California;1976;Marnick Goossens;marnick_goossens@tijdloze.rocks;2024-06-18 03:29:46
Led Zeppelin;Stairway to Heaven;1971;Mara Mertens;mara_mertens@scarlet.be;2024-06-27 05:06:43
dEUS;Hotellounge;1994;Marijke Goossens;marijkeengoossens@protonmail.com;2024-01-18 18:47:35
The Beatles;Yesterday;1965;Micaël De Smet;micaël@desmet@scarlet.be;2024-04-28 09:43:56
Neil Young;Rockin' in the Free World;1989;Marissa De Block;marissa_de.block@mnm.be;2024-04-09 04:47:41
Eels;That Look You Give That Guy;2009;Melody Maes;melody_maes@min-min.com;2024-09-20 14:13:17
The Doors;Light My Fire;1967;Marion Claes;marion@claes@vrt.be;2024-08-10 11:22:37
Guns n' Roses;November Rain;1991;Marlies Van der poel;marlies.van.der.poel@hotmail.com;2024-09-08 07:37:50
Tool;Schism;2001;Maurits Van Aert;maurits@van-aert@hotmail.com;2024-03-01 17:47:42
Golden Earring;When the Lady Smiles;1984;Minka Claes;minka-claes@telenet.be;2024-03-11 15:26:14
Iron Maiden;Fear of the Dark;1992;Mitchel Wouters;mitchel.wouters@skyrnet.be;2024-02-15 23:24:44
Johnny Cash;Hurt;2002;Michiel Mertens;michielenmertens@protonmail.com;2024-02-20 11:43:51
Muse;Knights of Cydonia;2006;Marja De Block;marjaende.block@uhasselt.be;2024-12-02 11:17:06
Queen;Bohemian Rhapsody;1975;Monica Goossens;monica123goossens@outlook.com;2024-10-20 11:21:49
Prince;1999;1982;Marcus Mertens;marcus123mertens@uhasselt.be;2024-04-08 15:08:30
4 Non Blondes;What's Up;1992;Moussa Maes;moussa_maes@protonmail.com;2024-05-11 01:39:58
R.E.M.;Everybody Hurts;1992;Monique Maes;monique.maes@protonmail.com;2024-03-09 22:45:48
Johnny Cash;Hurt;2002;Mylan Goossens;mylan@goossens@vrt.be;2024-07-17 23:12:37
U2;With or Without You;1987;Marloes De Block;marloesende.block@gmx.com;2024-07-22 20:20:06
Foo Fighters;Everlong;1997;Marleen Wouters;marleen@wouters@telenet.be;2024-12-22 16:25:45
Pink Floyd;Wish You Were Here;1975;Melroy Mertens;melroy-mertens@gmail.com;2024-05-21 15:32:46
Pearl Jam;Alive;1991;Mayke Wouters;maykeenwouters@tijdloze.rocks;2024-07-26 10:07:16
Fleetwood Mac;Go Your Own Way;1977;Mia Willems;miaenwillems@min-min.com;2024-08-10 19:41:05
The Beatles;Let It Be;1970;Mina Claes;mina.claes@vrt.be;2024-07-16 23:26:04
Iggy Pop;The Passenger;1977;Misha Willems;misha-willems@mnm.be;2024-11-19 12:58:11
Simple Minds;New Gold Dream (81-82-83-84);1982;Matthew Maes;matthew1maes@studiobrussel.be;2024-05-24 05:35:27
Pixies;Debaser;1989;Maike Claes;maike0claes@gmail.com;2024-12-28 06:18:50
Editors;Papillon;2009;Miriam Wouters;miriam.wouters@outlook.com;2024-06-06 10:46:36
U2;New Year's Day;1983;Martien Van eynde;martien-van.eynde@tijdloze.rocks;2024-07-19 14:56:36
Meat Loaf;Paradise by the Dashboard Light;1977;Margaretha Willems;margaretha_willems@mail.google.com;2024-04-19 23:32:50
Foo Fighters;The Pretender;2007;Marco Janssens;marco_janssens@tijdloze.rocks;2024-11-28 13:56:52
Radiohead;Paranoid Android;1997;Margo Van Aert;margo@van_aert@protonmail.com;2024-09-15 03:26:35
Pink Floyd;Another Brick in the Wall, Part II;1979;Maikel Van der poel;maikel_van_der_poel@hotmail.com;2024-03-05 10:57:24
Black Sabbath;Paranoid;1970;Marianne Claes;marianne@claes@skyrnet.be;2024-08-08 13:23:50
The Doors;Light My Fire;1967;Marga De Smet;marga_de-smet@mail.google.com;2024-08-17 11:36:36
Gorki;Mia;1992;Meta De Block;meta1deblock@skyrnet.be;2024-11-03 03:34:07
Lou Reed;Perfect Day;1972;Marleen Van eynde;marleenenvan-eynde@min-min.com;2024-06-01 10:20:10
Guns n' Roses;Sweet Child o' Mine;1987;Marco Peeters;marco.peeters@scarlet.be;2024-05-10 01:43:59
Journey;Don't Stop Believin';1981;Miroslav De Smet;miroslav@de_smet@tijdloze.rocks;2024-08-06 13:05:22
Gorki;Mia;1992;Monica Mertens;monica0mertens@mail.google.com;2024-11-11 13:43:53
Led Zeppelin;Whole Lotta Love;1969;Mona Jacobs;monaenjacobs@gmail.com;2024-02-19 06:30:36
Metallica;Master of Puppets;1986;Marnix Janssens;marnix0janssens@mnm.be;2024-04-04 10:15:49
R.E.M.;Everybody Hurts;1992;Marten Mertens;marten_mertens@tijdloze.rocks;2024-06-27 08:49:17
The Rolling Stones;Angie;1973;Moira Jacobs;moira@jacobs@mnm.be;2024-03-24 12:49:37
Radiohead;Karma Police;1997;Manar Willems;manar_willems@gmail.com;2024-03-28 19:09:07
The Scene;Blauw;1990;Mirte Goossens;mirte_goossens@outlook.com;2024-09-28 17:59:13
The Cure;A Forest;1980;Michiel Van eynde;michiel_vaneynde@skyrnet.be;2024-05-11 14:44:27
The Cure;A Forest;1980;Mick Van Aert;mick1van_aert@protonmail.com;2024-08-05 10:25:38
Eagles;Hotel California;1976;Mina Van Aert;mina0van_aert@uhasselt.be;2024-11-05 20:05:59
Depeche Mode;Enjoy the Silence;1990;Michaël Mertens;michaël1mertens@protonmail.com;2024-02-08 04:54:30
Red Zebra;I Can't Live in a Living Room;1980;Meindert Goossens;meindert123goossens@skyrnet.be;2024-02-17 23:04:32
Tom Waits;Martha;1973;Manar Jacobs;manar@jacobs@outlook.com;2024-04-27 19:41:39
Deep Purple;Child in Time;1970;Matthijs Van eynde;matthijs-vaneynde@yahoo.com;2024-08-01 05:40:38
Arcade Fire;Rebellion (Lies);2004;Mirthe Van der poel;mirthe_van-der-poel@gmx.com;2024-08-13 02:55:40
Iggy Pop;The Passenger;1977;Martien Van Aert;martien123vanaert@studiobrussel.be;2024-12-04 08:43:29
dEUS;Instant Street;1999;Murk Mertens;murk@mertens@skyrnet.be;2024-01-11 13:13:04
Bob Marley & the Wailers;No Woman, No Cry;1974;Madelief De Block;madelief123de.block@telenet.be;2024-01-12 17:39:26
Pixies;Monkey Gone to Heaven;1989;Maxime Maes;maxime-maes@tijdloze.rocks;2024-06-27 14:18:27
Radiohead;Street Spirit (Fade Out);1995;Miguel De Smet;miguel123de-smet@protonmail.com;2024-11-14 05:58:26
Nirvana;About a Girl;1989;Matty Van eynde;matty@van_eynde@scarlet.be;2024-03-14 21:44:58
Novastar;Wrong;2000;Melle Maes;melle_maes@tijdloze.rocks;2024-10-26 19:55:09
Eagles;Hotel California;1976;Misha Janssens;misha123janssens@outlook.com;2024-10-10 06:03:56
Prince;Purple Rain;1984;Manuel Willems;manuel.willems@mail.google.com;2024-07-01 02:29:23
The Smiths;There Is a Light That Never Goes Out;1986;Miles Van der poel;miles-vanderpoel@vrt.be;2024-06-12 19:10:51
Joy Division;Love Will Tear Us Apart;1980;Martien De Smet;martien@desmet@protonmail.com;2024-05-19 13:56:07
dEUS;Nothing Really Ends;2001;Max Goossens;max0goossens@protonmail.com;2024-12-10 07:50:49
10cc;I'm Not in Love;1975;Michaela Peeters;michaela_peeters@protonmail.com;2024-01-21 14:27:57
The Smiths;There Is a Light That Never Goes Out;1986;Marijn Van Aert;marijn-van.aert@mnm.be;2024-01-22 16:50:21
Neil Young;Like a Hurricane;1977;Matty De Smet;matty-de_smet@gmail.com;2024-09-06 20:05:50
Elvis Presley;Jailhouse Rock;1957;Marcia Van der poel;marcia.van.der.poel@gmx.com;2024-01-04 12:02:56
Deep Purple;Child in Time;1970;Mathieu De Block;mathieu_de.block@tijdloze.rocks;2024-03-18 22:24:33
Black Sabbath;Paranoid;1970;Magdalena Maes;magdalena123maes@gmail.com;2024-02-13 06:03:21
Live;Lightning Crashes;1994;Matthew Goossens;matthew1goossens@protonmail.com;2024-05-08 07:06:22
Cockney Rebel;Sebastian;1973;Mick Willems;mick.willems@uhasselt.be;2024-03-27 23:51:11
System of a Down;Chop Suey!;2001;Manar Wouters;manar_wouters@protonmail.com;2024-12-26 18:44:10
Bruce Springsteen;Dancing in the Dark;1984;Martine Van Aert;martine-van-aert@telenet.be;2024-06-11 14:33:36
Led Zeppelin;Stairway to Heaven;1971;Misha Van eynde;misha@van.eynde@gmail.com;2024-09-01 23:11:43
Scorpions;Still Loving You;1984;Mina Claes;minaenclaes@tijdloze.rocks;2024-02-20 04:39:21
Motörhead;Ace of Spades;1980;Mirte Maes;mirteenmaes@gmx.com;2024-02-26 20:26:03
Iron Maiden;The Number of the Beast;1982;Mink Janssens;mink.janssens@telenet.be;2024-12-23 15:47:27
Tom Waits;Martha;1973;Merve Goossens;merve.goossens@studiobrussel.be;2024-10-04 14:55:35
Led Zeppelin;Stairway to Heaven;1971;Minke Wouters;minke0wouters@hotmail.com;2024-09-17 07:04:51
The Doors;The End;1967;Maike Janssens;maike@janssens@min-min.com;2024-08-25 01:44:03
Radiohead;Karma Police;1997;Minke Wouters;minke-wouters@uhasselt.be;2024-01-25 07:28:16
Red Zebra;I Can't Live in a Living Room;1980;Marijn Van der poel;marijnenvan_der_poel@scarlet.be;2024-06-16 06:10:18
Red Hot Chili Peppers;Under the Bridge;1991;Mona Janssens;mona123janssens@vrt.be;2024-11-25 02:21:56
Pearl Jam;Alive;1991;Matthias Van eynde;matthias1vaneynde@gmx.com;2024-04-08 18:58:20
Pixies;Where Is My Mind?;1988;Michelle Mertens;michelle.mertens@mnm.be;2024-07-14 21:48:36
Jeff Buckley;Grace;1994;Mitchel Wouters;mitchel123wouters@min-min.com;2024-01-06 17:50:52
Red Zebra;I Can't Live in a Living Room;1980;Martijn De Smet;martijn0de-smet@mnm.be;2024-02-17 04:33:52
Red Zebra;I Can't Live in a Living Room;1980;Miriam Janssens;miriam_janssens@protonmail.com;2024-02-27 23:32:30
Fischer-Z;So Long;1980;Mariëlle De Block;mariëlleende.block@mnm.be;2024-01-23 17:23:44
Nick Cave;Into My Arms;1997;Matthew Janssens;matthew-janssens@vrt.be;2024-12-16 14:12:51
dEUS;Suds & Soda;1994;Marten Janssens;marten.janssens@outlook.com;2024-02-04 14:49:49
Eagles;Hotel California;1976;Melanie Peeters;melanie1peeters@telenet.be;2024-08-07 21:53:31
Red Hot Chili Peppers;Californication;1999;Maxim Claes;maxim@claes@hotmail.com;2024-08-12 22:54:18
dEUS;Instant Street;1999;Mika Van Aert;mika1van.aert@min-min.com;2024-06-20 12:36:44
10cc;I'm Not in Love;1975;Manfred Willems;manfred-willems@mail.google.com;2024-12-05 22:59:08
Meat Loaf;Paradise by the Dashboard Light;1977;Mien De Block;mien@de_block@yahoo.com;2024-07-21 05:26:44
Joy Division;Love Will Tear Us Apart;1980;Moira Maes;moira.maes@gmx.com;2024-12-20 03:02:29
U2;With or Without You;1987;Michaël Jacobs;michaël.jacobs@vrt.be;2024-11-07 13:44:34
Foo Fighters;Everlong;1997;Martina Van der poel;martina_vanderpoel@outlook.com;2024-02-15 09:49:31
Prince;Purple Rain;1984;Mylène Van eynde;mylèneenvan.eynde@uhasselt.be;2024-10-26 02:37:52
The Beatles;Hey Jude;1968;Mels De Block;mels@deblock@mnm.be;2024-07-20 10:42:23
Therapy?;Diane;1995;Miriam Janssens;miriam123janssens@tijdloze.rocks;2024-07-19 19:17:02
Art Garfunkel;Bright Eyes;1979;Maurice De Smet;mauriceendesmet@mnm.be;2024-08-05 10:48:09
Daan;Housewife;2004;Maya Van eynde;maya0van-eynde@vrt.be;2024-02-17 04:03:16
The Killers;Mr. Brightside;2004;Mae Goossens;mae@goossens@scarlet.be;2024-04-05 15:36:47
The Smashing Pumpkins;Disarm;1993;Marlies De Smet;marlies.desmet@vrt.be;2024-05-20 15:09:43
Pixies;Monkey Gone to Heaven;1989;Marie Janssens;marie_janssens@protonmail.com;2024-05-10 23:32:16
The Smiths;There Is a Light That Never Goes Out;1986;Maximiliaan Claes;maximiliaan.claes@gmail.com;2024-03-10 13:20:58
Bruce Springsteen;The River;1980;Meike Maes;meike0maes@vrt.be;2024-06-11 23:12:22
Radiohead;Creep;1993;Maya Wouters;maya_wouters@hotmail.com;2024-06-10 15:55:14
The Rolling Stones;Angie;1973;Maureen Maes;maureenenmaes@vrt.be;2024-08-17 18:24:09
Joe Cocker;With a Little Help from My Friends;1969;Mauro Goossens;mauroengoossens@skyrnet.be;2024-03-05 01:09:06
Bruce Springsteen;The River;1980;Minke Van der poel;minke.vanderpoel@hotmail.com;2024-06-18 09:01:29
System of a Down;Toxicity;2001;Mylène De Block;mylène_de.block@tijdloze.rocks;2024-11-11 23:42:26
Pink Floyd;Another Brick in the Wall, Part II;1979;Marek Janssens;marek.janssens@protonmail.com;2024-11-08 21:30:49
Bruce Springsteen;Born to Run;1975;Morris Mertens;morris123mertens@gmail.com;2024-06-04 19:47:41
Eagles;Hotel California;1976;Mijndert Janssens;mijndert@janssens@outlook.com;2024-03-13 16:16:27
Live;I Alone;1994;Maja Jacobs;maja_jacobs@vrt.be;2024-04-16 08:03:40
Dire Straits;Brothers in Arms;1985;Marije Claes;marije@claes@yahoo.com;2024-12-09 08:20:36
Editors;No Sound but the Wind;2010;Maurice Maes;maurice@maes@gmx.com;2024-12-24 16:04:41
The Beatles;Hey Jude;1968;Milan Jacobs;milan@jacobs@tijdloze.rocks;2024-08-08 22:06:03
R.E.M.;The One I Love;1987;Megan Mertens;meganenmertens@gmail.com;2024-11-22 11:54:44
Queens of the Stone Age;Go with the Flow;2002;Max De Smet;max0de_smet@gmail.com;2024-05-05 02:08:50
Melissa Etheridge;Like the Way I Do;1988;Miriam Maes;miriam@maes@yahoo.com;2024-10-22 02:30:52
Motörhead;Ace of Spades;1980;Milo Van eynde;milo_van_eynde@min-min.com;2024-06-16 15:46:11
Jimi Hendrix;Hey Joe;1967;Matty De Smet;matty.desmet@skyrnet.be;2024-02-15 11:24:46
dEUS;Hotellounge;1994;Mark Wouters;mark_wouters@protonmail.com;2024-02-16 04:43:20
The Rolling Stones;Angie;1973;Micil Jacobs;micil1jacobs@tijdloze.rocks;2024-02-16 19:01:29
Fleetwood Mac;Go Your Own Way;1977;Marvin Claes;marvinenclaes@yahoo.com;2024-05-01 09:03:43
Queens of the Stone Age;No One Knows;2002;Meindert Goossens;meindert@goossens@gmx.com;2024-04-13 13:47:50
Pearl Jam;Alive;1991;Milena Goossens;milena123goossens@protonmail.com;2024-12-17 06:21:22
Fleetwood Mac;Dreams;1977;Milan De Smet;milanende.smet@telenet.be;2024-05-04 02:20:09
Scorpions;Still Loving You;1984;Mika Goossens;mika@goossens@gmail.com;2024-08-05 01:57:58
dEUS;Nothing Really Ends;2001;Maxim Janssens;maxim_janssens@studiobrussel.be;2024-11-22 07:36:09
U2;With or Without You;1987;Marissa Maes;marissa1maes@tijdloze.rocks;2024-11-01 01:31:11
Nick Cave;Into My Arms;1997;Miranda Mertens;miranda1mertens@outlook.com;2024-02-13 22:53:58
U2;Pride (In the Name of Love);1984;Micaël De Block;micaël0deblock@studiobrussel.be;2024-03-16 14:50:26
The Doors;The End;1967;Marco Van eynde;marco-van-eynde@gmail.com;2024-01-21 07:26:26
Neil Young;Rockin' in the Free World;1989;Martha Jacobs;martha1jacobs@gmx.com;2024-03-05 20:50:33
The Cure;A Forest;1980;Misja Mertens;misjaenmertens@tijdloze.rocks;2024-02-16 13:19:26
Pixies;Monkey Gone to Heaven;1989;Max Maes;max.maes@vrt.be;2024-06-20 16:12:07
The Doors;The End;1967;Mila Van Aert;mila@vanaert@scarlet.be;2024-04-04 05:53:36
Dire Straits;Romeo and Juliet;1980;Manfred Janssens;manfred_janssens@outlook.com;2024-05-27 05:35:51
U2;New Year's Day;1983;Marniks Claes;marniks-claes@hotmail.com;2024-04-25 06:11:28
The Moody Blues;Nights in White Satin;1967;Milena Willems;milena.willems@gmail.com;2024-09-25 01:19:51
R.E.M.;Losing My Religion;1991;Manar Van Aert;manar1vanaert@uhasselt.be;2024-05-02 15:34:47
R.E.M.;Losing My Religion;1991;Mirte Van der poel;mirte.van_der_poel@vrt.be;2024-05-12 20:12:33
Tom Waits;Martha;1973;Marian Van eynde;marian0van.eynde@min-min.com;2024-05-23 04:15:08
Pink Floyd;Another Brick in the Wall, Part II;1979;Manar Willems;manar-willems@gmail.com;2024-03-24 07:55:04
Amy Winehouse;Back to Black;2006;Mohammed Jacobs;mohammed_jacobs@outlook.com;2024-07-27 15:37:40
The Beatles;A Day in the Life;1967;Marijn Goossens;marijn.goossens@mnm.be;2024-12-21 15:01:14
T.C. Matic;Oh La La La;1981;Michel De Block;michel-de_block@vrt.be;2024-07-18 13:36:48
Bruce Springsteen;Born to Run;1975;Mien Janssens;mien-janssens@scarlet.be;2024-02-22 14:51:50
Led Zeppelin;Stairway to Heaven;1971;Marco Van der poel;marco.vanderpoel@skyrnet.be;2024-03-21 01:49:12
Deep Purple;Smoke on the Water;1972;Maximiliaan Mertens;maximiliaan123mertens@vrt.be;2024-05-08 21:37:49
Led Zeppelin;Whole Lotta Love;1969;Marijn Goossens;marijn0goossens@min-min.com;2024-08-02 21:40:16
Jimi Hendrix;Hey Joe;1967;Manuela Van der poel;manuela_van-der-poel@skyrnet.be;2024-03-13 13:54:55
Absynthe Minded;My Heroics, Part One;2005;Machteld Janssens;machteld0janssens@tijdloze.rocks;2024-05-02 21:40:04
Iggy Pop;The Passenger;1977;Michiel Mertens;michiel-mertens@uhasselt.be;2024-06-04 07:52:30
Guns n' Roses;Sweet Child o' Mine;1987;Margarita De Smet;margarita-de.smet@gmail.com;2024-08-24 14:56:25
Joy Division;Love Will Tear Us Apart;1980;Melanie Van eynde;melanie@van-eynde@tijdloze.rocks;2024-01-25 02:23:55
dEUS;Hotellounge;1994;Milano Maes;milano-maes@tijdloze.rocks;2024-05-18 20:20:53
The Cure;A Forest;1980;Mijndert Claes;mijndert0claes@protonmail.com;2024-03-08 06:02:53
David Bowie;"""Heroes""";1977;Martien Peeters;martien1peeters@protonmail.com;2024-07-14 01:59:46
The Offspring;Self Esteem;1994;Melody Van Aert;melody.van_aert@hotmail.com;2024-04-02 15:42:10
Dire Straits;Sultans of Swing;1978;Marijke De Block;marijke0de.block@mail.google.com;2024-05-08 17:18:22
Bruce Springsteen;Born to Run;1975;Milan Peeters;milan-peeters@min-min.com;2024-04-24 22:28:10
Led Zeppelin;Whole Lotta Love;1969;Margo Jacobs;margo.jacobs@min-min.com;2024-02-16 21:55:49
The Scabs;Hard Times;1990;Madelief Van Aert;madelief123vanaert@protonmail.com;2024-05-17 01:38:36
Coldplay;Fix You;2005;Marije Maes;marije-maes@outlook.com;2024-05-16 20:51:29
Underworld;Born Slippy;1995;Melroy Janssens;melroy1janssens@min-min.com;2024-08-06 21:25:23
Radiohead;Street Spirit (Fade Out);1995;Margot De Block;margot-de-block@mail.google.com;2024-01-07 09:41:48
Metallica;One;1988;Marjan Maes;marjan0maes@tijdloze.rocks;2024-06-15 19:59:46
The Smiths;There Is a Light That Never Goes Out;1986;Marie Peeters;marie1peeters@min-min.com;2024-06-17 13:18:22
Iggy Pop;Lust for Life;1977;Maxime Goossens;maxime1goossens@scarlet.be;2024-04-10 14:40:10
The Doors;Riders on the Storm;1971;Marnick Wouters;marnick@wouters@hotmail.com;2024-09-01 04:02:28
Motörhead;Ace of Spades;1980;Mara De Smet;mara123de.smet@gmx.com;2024-05-25 09:38:50
Radiohead;Street Spirit (Fade Out);1995;Margaretha Goossens;margaretha.goossens@tijdloze.rocks;2024-11-05 15:59:45
T.C. Matic;Oh La La La;1981;Marga Van eynde;marga@van_eynde@skyrnet.be;2024-12-14 02:43:06
The Rolling Stones;Paint It Black;1966;Maikel Van eynde;maikelenvan_eynde@telenet.be;2024-01-08 16:55:35
Tool;Schism;2001;Miquel Goossens;miquel.goossens@yahoo.com;2024-10-16 08:29:13
U2;New Year's Day;1983;Miguel De Smet;miguel-de.smet@uhasselt.be;2024-05-22 21:45:16
Led Zeppelin;Whole Lotta Love;1969;Maarten Goossens;maarten@goossens@protonmail.com;2024-11-18 06:59:19
David Bowie;"""Heroes""";1977;Marga Goossens;marga.goossens@min-min.com;2024-06-20 17:55:10
Massive Attack;Unfinished Sympathy;1991;Miguel Van der poel;miguel123van-der-poel@gmx.com;2024-07-02 22:42:38
Red Hot Chili Peppers;Under the Bridge;1991;Magdalena Willems;magdalena0willems@gmail.com;2024-04-12 03:20:29
Linkin Park;Numb;2003;Mike Jacobs;mike@jacobs@uhasselt.be;2024-06-14 03:20:08
The Police;Roxanne;1978;Merel Wouters;merel123wouters@hotmail.com;2024-01-23 10:40:38
Procol Harum;A Whiter Shade of Pale;1967;Marcella Van Aert;marcella1vanaert@yahoo.com;2024-06-25 01:12:20
Metallica;Nothing Else Matters;1991;Meindert Janssens;meindert123janssens@studiobrussel.be;2024-07-25 01:11:26
Nirvana;Smells Like Teen Spirit;1991;Madelief Wouters;madelief1wouters@hotmail.com;2024-12-23 03:32:45
Led Zeppelin;Kashmir;1975;Mirte Maes;mirte0maes@telenet.be;2024-06-11 17:18:43
Black Sabbath;Paranoid;1970;Maud Van der poel;maud@van-der-poel@min-min.com;2024-12-16 22:49:53
Tool;Schism;2001;Mandy Peeters;mandy-peeters@studiobrussel.be;2024-11-07 14:31:22
Dire Straits;Brothers in Arms;1985;Manon Van der poel;manon@vanderpoel@skyrnet.be;2024-03-19 11:31:40
Radiohead;Paranoid Android;1997;Marijke De Smet;marijke_de.smet@mail.google.com;2024-06-28 01:32:29
Metallica;Master of Puppets;1986;Marleen Goossens;marleen123goossens@scarlet.be;2024-10-20 05:55:18
R.E.M.;Everybody Hurts;1992;Marcus De Smet;marcusende_smet@uhasselt.be;2024-05-09 23:54:06
Fleetwood Mac;Go Your Own Way;1977;Mathijs De Smet;mathijsende_smet@gmail.com;2024-11-20 14:13:34
The Police;Roxanne;1978;Marga Peeters;marga1peeters@skyrnet.be;2024-05-23 17:11:33
Editors;Papillon;2009;Martijn Wouters;martijn123wouters@vrt.be;2024-05-07 13:04:51
The Cranberries;Zombie;1994;Mercedes Jacobs;mercedes@jacobs@min-min.com;2024-04-02 08:43:30
Metallica;Enter Sandman;1991;Maxim Van eynde;maxim_vaneynde@gmx.com;2024-03-11 18:59:56
Pearl Jam;Alive;1991;Marina Van eynde;marina0van.eynde@gmx.com;2024-09-20 16:57:27
The Sisters of Mercy;Temple of Love;1983;Max Mertens;max@mertens@studiobrussel.be;2024-10-03 06:47:05
Live;I Alone;1994;Milena Mertens;milena123mertens@hotmail.com;2024-11-08 07:39:22
The Rolling Stones;Gimme Shelter;1969;Marian Maes;marian1maes@yahoo.com;2024-04-13 09:15:33
The Doors;The End;1967;Marten Van Aert;marten-vanaert@uhasselt.be;2024-04-26 11:44:19
Fleetwood Mac;Go Your Own Way;1977;Michel Van der poel;michel-van-der-poel@gmx.com;2024-07-25 16:01:18
Daan;Housewife;2004;Myrthe Mertens;myrthe.mertens@protonmail.com;2024-02-19 08:44:22
Joe Cocker;With a Little Help from My Friends;1969;Maaike Janssens;maaike123janssens@hotmail.com;2024-02-25 17:36:01
Lou Reed;Perfect Day;1972;Meindert De Block;meindert0de_block@outlook.com;2024-08-23 11:40:29
Bruce Springsteen;The River;1980;Mathilde Van der poel;mathilde123vanderpoel@min-min.com;2024-07-18 09:58:17
Led Zeppelin;Stairway to Heaven;1971;Murk Janssens;murk1janssens@hotmail.com;2024-06-10 02:34:01
The Police;Every Breath You Take;1983;Martine Peeters;martine123peeters@mnm.be;2024-06-08 19:13:34
Pearl Jam;Alive;1991;Moreno Van Aert;moreno.van-aert@outlook.com;2024-05-20 13:51:16
Prince;Purple Rain;1984;Mare Claes;mare0claes@mail.google.com;2024-08-12 09:20:18
Meat Loaf;Paradise by the Dashboard Light;1977;Marjolein Van Aert;marjolein0van.aert@mnm.be;2024-08-01 14:21:07
Jeff Buckley;Hallelujah;1994;Mari Van eynde;mari1vaneynde@hotmail.com;2024-09-16 04:42:02
Red Zebra;I Can't Live in a Living Room;1980;Maartje De Smet;maartje.de.smet@protonmail.com;2024-11-12 06:09:43
Deep Purple;Child in Time;1970;Marius Peeters;marius_peeters@outlook.com;2024-06-06 18:16:42
Fleetwood Mac;The Chain;1977;Merel Janssens;merel_janssens@vrt.be;2024-06-15 01:47:08
Pink Floyd;Wish You Were Here;1975;Miroslav Claes;miroslav_claes@gmx.com;2024-05-23 02:24:38
AC/DC;Whole Lotta Rosie;1977;Mika Peeters;mika1peeters@mnm.be;2024-11-13 02:41:24
Pixies;Where Is My Mind?;1988;Marnix Janssens;marnixenjanssens@tijdloze.rocks;2024-02-15 03:25:50
David Bowie;Space Oddity;1969;Molly Mertens;molly0mertens@scarlet.be;2024-10-04 06:15:53
Depeche Mode;Enjoy the Silence;1990;Myra Jacobs;myra@jacobs@hotmail.com;2024-12-18 20:55:36
T.C. Matic;Oh La La La;1981;Martin Claes;martin0claes@gmx.com;2024-06-04 12:32:09
Pixies;Where Is My Mind?;1988;Margaretha Van Aert;margarethaenvan_aert@vrt.be;2024-09-25 07:47:44
Gorki;Mia;1992;Michelle Wouters;michelle-wouters@scarlet.be;2024-08-11 03:52:46
AC/DC;Whole Lotta Rosie;1977;Marniks Goossens;marniks-goossens@vrt.be;2024-10-17 19:11:30
Red Hot Chili Peppers;Californication;1999;Mariana De Block;mariana@de-block@gmx.com;2024-02-07 17:28:52
Nirvana;Smells Like Teen Spirit;1991;Mathias De Smet;mathias0de-smet@tijdloze.rocks;2024-06-10 12:05:37
R.E.M.;Everybody Hurts;1992;Maximiliaan Wouters;maximiliaan.wouters@mail.google.com;2024-08-24 19:15:47
Dire Straits;Brothers in Arms;1985;Mylan Wouters;mylan123wouters@tijdloze.rocks;2024-05-26 22:00:09
Led Zeppelin;Whole Lotta Love;1969;Mira Van eynde;mira@van-eynde@gmx.com;2024-08-06 10:59:24
U2;One;1991;Manuel De Smet;manuel123de-smet@outlook.com;2024-08-24 05:32:25
Radiohead;Fake Plastic Trees;1995;Manuel Van der poel;manuel_van-der-poel@skyrnet.be;2024-02-05 23:04:15
Nick Cave;The Ship Song;1990;Marion Wouters;marion123wouters@mail.google.com;2024-03-09 07:45:01
Toto;Africa;1982;Merel Claes;merel@claes@hotmail.com;2024-07-08 09:40:44
Rage Against the Machine;Killing in the Name;1992;Maria Van der poel;maria.van_der_poel@skyrnet.be;2024-05-24 04:37:13
3 Doors Down;Kryptonite;2000;Morris Willems;morris_willems@gmail.com;2024-03-05 10:09:38
Radiohead;Paranoid Android;1997;Mare Wouters;mare0wouters@min-min.com;2024-05-11 04:40:27
The Doors;Light My Fire;1967;Manuel Van der poel;manuel@van-der-poel@protonmail.com;2024-03-22 03:53:52
Buffalo Tom;Taillights Fade;1992;Merel Van der poel;merel1vanderpoel@protonmail.com;2024-10-02 01:16:08
Jeff Buckley;Hallelujah;1994;Myrthe Maes;myrthe_maes@gmail.com;2024-10-12 06:57:53
Art Garfunkel;Bright Eyes;1979;Marit Jacobs;marit123jacobs@outlook.com;2024-11-08 15:26:06
Golden Earring;When the Lady Smiles;1984;Mickey Maes;mickey123maes@scarlet.be;2024-12-14 07:08:50
Talking Heads;Once in a Lifetime;1980;Mia Claes;mia0claes@scarlet.be;2024-06-05 07:28:26
U2;With or Without You;1987;Merle Jacobs;merle@jacobs@min-min.com;2024-05-12 07:27:02
The Beatles;Hey Jude;1968;Miriam Goossens;miriam_goossens@studiobrussel.be;2024-01-12 16:55:10
Eagles;Hotel California;1976;Merve De Smet;merveendesmet@mail.google.com;2024-12-04 01:16:26
David Bowie;Space Oddity;1969;Michaela Peeters;michaela_peeters@vrt.be;2024-04-06 14:42:41
Johnny Cash;Hurt;2002;Mirte Claes;mirte1claes@hotmail.com;2024-04-26 09:16:45
Guns n' Roses;November Rain;1991;Marc-Marie Janssens;marc-marie@janssens@tijdloze.rocks;2024-01-12 11:34:19
The Smiths;There Is a Light That Never Goes Out;1986;Margarita Willems;margarita123willems@mnm.be;2024-12-21 08:44:56
Tom Waits;Martha;1973;Myra Van eynde;myra-van-eynde@gmx.com;2024-01-11 23:28:06
Oasis;Wonderwall;1995;Marc Claes;marc0claes@protonmail.com;2024-07-13 13:09:18
Linkin Park;Numb;2003;Manfred Jacobs;manfredenjacobs@min-min.com;2024-01-14 03:48:41
Oasis;Wonderwall;1995;Maurits Claes;maurits123claes@hotmail.com;2024-05-15 18:29:42
Gorki;Mia;1992;Mien De Smet;mien-desmet@skyrnet.be;2024-01-04 14:22:55
The Doors;The End;1967;Mette Claes;metteenclaes@gmail.com;2024-03-09 16:33:47
Editors;No Sound but the Wind;2010;Margriet Peeters;margriet123peeters@outlook.com;2024-07-08 02:14:48
The Doors;Riders on the Storm;1971;Melle Janssens;melleenjanssens@yahoo.com;2024-12-08 05:16:54
Cockney Rebel;Sebastian;1973;Martien Peeters;martien0peeters@tijdloze.rocks;2024-05-20 13:28:46
Rage Against the Machine;Killing in the Name;1992;Mylène Van eynde;mylène-vaneynde@outlook.com;2024-02-15 18:18:26
The Rolling Stones;Angie;1973;Mick Willems;mick_willems@yahoo.com;2024-09-20 05:50:40
Nirvana;Smells Like Teen Spirit;1991;Mariëlle Maes;mariëlle.maes@uhasselt.be;2024-07-08 08:09:38
Bruce Springsteen;The River;1980;Moira Maes;moira_maes@vrt.be;2024-07-11 01:05:54
Bruce Springsteen;The River;1980;Mitch De Smet;mitchende_smet@mnm.be;2024-07-10 10:34:24
The Sisters of Mercy;Temple of Love;1983;Moira Wouters;moira123wouters@outlook.com;2024-02-03 17:28:05
Gorki;Mia;1992;Moniek Jacobs;moniek_jacobs@scarlet.be;2024-12-20 21:51:16
dEUS;Fell Off the Floor, Man;1996;Michelle Claes;michelle123claes@outlook.com;2024-08-07 07:14:42
Blur;Song 2;1997;Moreno Peeters;morenoenpeeters@skyrnet.be;2024-06-15 04:54:00
Arcade Fire;Rebellion (Lies);2004;Mathias Wouters;mathias@wouters@studiobrussel.be;2024-01-20 08:03:24
The Cure;A Forest;1980;Metin Claes;metin0claes@skyrnet.be;2024-07-12 05:04:19
Therapy?;Diane;1995;Marit Claes;marit@claes@gmail.com;2024-05-02 05:25:55
Radiohead;Street Spirit (Fade Out);1995;Marcellus Janssens;marcellusenjanssens@protonmail.com;2024-02-16 12:39:21
Arcade Fire;Rebellion (Lies);2004;Mees Janssens;mees_janssens@protonmail.com;2024-01-22 18:03:40
The Killers;Mr. Brightside;2004;Mercedes Janssens;mercedesenjanssens@hotmail.com;2024-05-03 04:06:20
Radiohead;Street Spirit (Fade Out);1995;Mika Wouters;mikaenwouters@uhasselt.be;2024-10-12 04:34:35
Arcade Fire;Rebellion (Lies);2004;Mirano De Block;mirano_deblock@mnm.be;2024-11-06 08:37:11
U2;I Will Follow;1980;Mercedes De Smet;mercedes123de.smet@gmx.com;2024-03-04 23:42:54
Led Zeppelin;Whole Lotta Love;1969;Marjan Van der poel;marjan0van.der.poel@gmail.com;2024-06-16 21:34:13
dEUS;Instant Street;1999;Misja Claes;misja.claes@outlook.com;2024-09-05 15:40:53
U2;Sunday Bloody Sunday;1983;Marniks Willems;marniks@willems@vrt.be;2024-10-20 08:11:10
The Rolling Stones;Paint It Black;1966;Mila Maes;mila-maes@skyrnet.be;2024-12-16 15:12:22
The Police;Every Breath You Take;1983;Marc-Marie Claes;marc-marie.claes@studiobrussel.be;2024-01-22 18:40:20
Pixies;Where Is My Mind?;1988;Mitch De Smet;mitch123de-smet@hotmail.com;2024-08-06 20:35:46
Neil Young;Like a Hurricane;1977;Mandy Van eynde;mandy1van-eynde@outlook.com;2024-09-09 18:51:09
Lou Reed;Perfect Day;1972;Marian Wouters;marian@wouters@studiobrussel.be;2024-04-06 09:26:30
System of a Down;Chop Suey!;2001;Mels Van der poel;melsenvan.der.poel@tijdloze.rocks;2024-04-20 21:31:25
Tool;Schism;2001;Mari Peeters;mari@peeters@tijdloze.rocks;2024-05-22 04:20:53
The Doors;Riders on the Storm;1971;Milano Van eynde;milano1van.eynde@gmail.com;2024-10-26 02:06:02
The Police;Every Breath You Take;1983;Magdalena De Smet;magdalena123de.smet@outlook.com;2024-11-08 03:02:00
Joy Division;Love Will Tear Us Apart;1980;Mike Claes;mike123claes@yahoo.com;2024-08-05 21:35:40
Coldplay;The Scientist;2002;Mien Wouters;mienenwouters@uhasselt.be;2024-08-15 20:22:45
The Scabs;Hard Times;1990;Molly Janssens;molly.janssens@protonmail.com;2024-09-20 08:25:11
The Cure;A Forest;1980;Mohammed Goossens;mohammed123goossens@min-min.com;2024-04-01 03:33:26
Bush;Glycerine;1994;Marlies Peeters;marlies-peeters@mail.google.com;2024-02-14 03:37:26
The Cure;A Forest;1980;Maria Van Aert;maria-van_aert@mnm.be;2024-09-10 04:55:08
Iggy Pop;The Passenger;1977;Marek Van eynde;marek1van_eynde@protonmail.com;2024-04-04 18:32:31
Nirvana;Lithium;1991;Menno Willems;menno1willems@gmail.com;2024-11-25 12:29:54
Jimi Hendrix;Hey Joe;1967;Mario Willems;mario@willems@mail.google.com;2024-01-10 09:34:53
The Cure;A Forest;1980;Milad Wouters;milad0wouters@hotmail.com;2024-06-28 23:08:16
The Stooges;No Fun;1969;Marina Mertens;marina123mertens@gmx.com;2024-12-10 06:34:20
The Doors;Light My Fire;1967;Marlies Van Aert;marlies0van.aert@uhasselt.be;2024-12-05 08:38:17
Nirvana;Come as You Are;1991;Marvin Claes;marvinenclaes@telenet.be;2024-08-24 13:32:00
Prince;Purple Rain;1984;Max Maes;maxenmaes@studiobrussel.be;2024-12-16 22:30:38
Absynthe Minded;My Heroics, Part One;2005;Marc-Marie Van eynde;marc-marie123van-eynde@mail.google.com;2024-11-26 13:00:57
Led Zeppelin;Stairway to Heaven;1971;Minke Wouters;minke_wouters@hotmail.com;2024-12-05 09:19:24
Led Zeppelin;Kashmir;1975;Marten Goossens;marten0goossens@tijdloze.rocks;2024-12-10 15:08:21
Lou Reed;Perfect Day;1972;Marnick De Block;marnick123de.block@vrt.be;2024-09-16 09:42:16
XTC;Dear God;1986;Maartje Jacobs;maartjeenjacobs@mail.google.com;2024-05-03 02:01:29
Alanis Morissette;Ironic;1995;Marjolein De Block;marjolein-de-block@telenet.be;2024-10-09 12:32:05
Jimi Hendrix;All Along the Watchtower;1968;Mandy Peeters;mandy.peeters@protonmail.com;2024-03-26 07:18:38
Cockney Rebel;Sebastian;1973;Matthijs De Smet;matthijs.de.smet@telenet.be;2024-09-10 13:46:28
dEUS;Little Arithmetics;1996;Mounir De Block;mounirendeblock@vrt.be;2024-07-15 01:29:26
The Rolling Stones;Paint It Black;1966;Michaël Janssens;michaël.janssens@studiobrussel.be;2024-09-28 17:35:19
Dire Straits;Money for Nothing;1985;Micil De Block;micil.de.block@outlook.com;2024-03-02 08:32:52
The Sisters of Mercy;Alice;1982;Mira Van der poel;mira_vanderpoel@hotmail.com;2024-02-11 08:40:32
The Police;Every Breath You Take;1983;Mandy Goossens;mandyengoossens@gmx.com;2024-10-08 11:40:28
Foo Fighters;The Pretender;2007;MachielMahmoed Peeters;machielmahmoed.peeters@skyrnet.be;2024-07-19 06:26:53
The Doors;The End;1967;Maud Wouters;maud_wouters@telenet.be;2024-04-25 17:13:12
Joy Division;Love Will Tear Us Apart;1980;Mels Van der poel;mels1van-der-poel@tijdloze.rocks;2024-11-01 02:19:17
The Scabs;Hard Times;1990;Maximiliaan Wouters;maximiliaan1wouters@skyrnet.be;2024-06-26 07:51:19
Jackson Browne;The Load-Out / Stay;1977;Moira De Block;moira1de-block@skyrnet.be;2024-04-07 08:36:24
The Rolling Stones;Sympathy for the Devil;1968;Mustafa Van eynde;mustafa.van_eynde@skyrnet.be;2024-06-12 12:51:16
The Police;Roxanne;1978;Megan Willems;megan1willems@gmx.com;2024-11-22 08:46:49
Kate Bush;Wuthering Heights;1978;Margriet Van der poel;margriet_van.der.poel@telenet.be;2024-08-10 11:04:40
Guns n' Roses;Sweet Child o' Mine;1987;Milana Janssens;milana_janssens@hotmail.com;2024-12-21 09:48:55
Peter Gabriel;Solsbury Hill;1977;Marvin De Block;marvin.de.block@mnm.be;2024-01-19 23:47:55
Push;Universal Nation;1998;Mitis Claes;mitis123claes@min-min.com;2024-04-21 10:32:55
Coldplay;Clocks;2002;Maya Goossens;maya1goossens@mail.google.com;2024-09-22 17:56:57
dEUS;Suds & Soda;1994;Milana Wouters;milana-wouters@gmx.com;2024-10-23 14:19:55
Faithless;Insomnia;1996;Manon Willems;manon.willems@skyrnet.be;2024-12-15 05:52:00
Linkin Park;Numb;2003;Marek De Block;marek@de_block@studiobrussel.be;2024-09-19 08:38:20
Deep Purple;Child in Time;1970;Marc Willems;marc_willems@hotmail.com;2024-08-15 16:39:03
Fleetwood Mac;The Chain;1977;Mandy Willems;mandy0willems@scarlet.be;2024-01-16 02:16:42
Metallica;Nothing Else Matters;1991;Marek Van Aert;marek.van-aert@gmail.com;2024-12-11 19:30:00
3 Doors Down;Kryptonite;2000;Meindert De Block;meindertende.block@vrt.be;2024-08-25 05:37:10
T.C. Matic;Oh La La La;1981;Melody De Block;melody1deblock@outlook.com;2024-06-14 01:45:10
John Miles;Music;1976;Marcella Peeters;marcella@peeters@mail.google.com;2024-07-20 22:36:05
Bush;Glycerine;1994;Michelle Wouters;michelle@wouters@vrt.be;2024-09-22 06:32:55
Metallica;One;1988;Milano Claes;milano@claes@vrt.be;2024-06-26 05:34:48
The Sisters of Mercy;Alice;1982;Mark Van eynde;markenvan_eynde@hotmail.com;2024-12-27 10:31:10
Led Zeppelin;Whole Lotta Love;1969;Mustafa Jacobs;mustafa0jacobs@hotmail.com;2024-06-27 16:23:32
U2;Pride (In the Name of Love);1984;Melissa Van der poel;melissa@van_der_poel@outlook.com;2024-07-15 10:26:22
The White Stripes;Seven Nation Army;2003;Mandy Peeters;mandy0peeters@hotmail.com;2024-08-10 10:01:28
Arcade Fire;Rebellion (Lies);2004;Marianne Jacobs;marianneenjacobs@gmx.com;2024-08-12 14:04:29
The Smiths;There Is a Light That Never Goes Out;1986;Mink De Block;mink0de-block@yahoo.com;2024-07-04 14:48:02
David Bowie;Space Oddity;1969;Mien Willems;mienenwillems@hotmail.com;2024-04-26 21:19:40
The Rolling Stones;Angie;1973;Mila Jacobs;milaenjacobs@studiobrussel.be;2024-07-08 16:32:23
Neil Young;Like a Hurricane;1977;Mireille De Smet;mireille.de-smet@scarlet.be;2024-12-18 02:26:36
Bob Dylan;Like a Rolling Stone;1965;Melroy Willems;melroy0willems@skyrnet.be;2024-03-06 05:36:32
The Doors;Light My Fire;1967;Mies Mertens;miesenmertens@telenet.be;2024-02-11 03:56:45
Amy Winehouse;Back to Black;2006;Mina Maes;minaenmaes@mnm.be;2024-01-11 12:37:26
Radiohead;Street Spirit (Fade Out);1995;Mien Claes;mien_claes@uhasselt.be;2024-02-19 07:05:48
Lou Reed;Walk on the Wild Side;1972;Miquel Maes;miquel0maes@gmx.com;2024-05-12 15:21:01
Fleetwood Mac;Everywhere;1987;Michelle Wouters;michelle.wouters@yahoo.com;2024-07-05 22:23:50
Sinéad O'Connor;Troy;1987;Mart De Block;mart_deblock@telenet.be;2024-08-02 07:44:53
Pearl Jam;Jeremy;1991;Mayra De Block;mayra123de_block@studiobrussel.be;2024-06-15 08:18:43
Guns n' Roses;November Rain;1991;Mara Maes;mara_maes@tijdloze.rocks;2024-12-15 18:22:09
dEUS;Instant Street;1999;Marvin Janssens;marvin_janssens@gmx.com;2024-04-09 03:55:02
Bush;Glycerine;1994;Margo Maes;margo-maes@studiobrussel.be;2024-05-04 14:18:30
Led Zeppelin;Whole Lotta Love;1969;Margriet De Block;margriet@de_block@mnm.be;2024-06-08 20:43:22
Talking Heads;This Must Be the Place (Naive Melody);1983;Maikel Van der poel;maikel0van-der-poel@outlook.com;2024-02-08 14:28:48
Radiohead;Karma Police;1997;Mitchell De Smet;mitchell-desmet@tijdloze.rocks;2024-02-06 07:52:07
Pink Floyd;Comfortably Numb;1979;Mien Willems;mien0willems@hotmail.com;2024-05-04 02:51:29
Depeche Mode;Enjoy the Silence;1990;Maureen Van Aert;maureen1van-aert@min-min.com;2024-06-25 16:49:03
Arcade Fire;Rebellion (Lies);2004;Marina Van Aert;marina0van_aert@studiobrussel.be;2024-11-21 13:48:58
The Sisters of Mercy;Temple of Love;1983;Mathias De Block;mathiasende.block@mnm.be;2024-04-04 17:23:09
Fleetwood Mac;Dreams;1977;Melissa De Smet;melissa123de-smet@skyrnet.be;2024-07-04 17:21:47
David Bowie;"""Heroes""";1977;Marja Van der poel;marja.van.der.poel@telenet.be;2024-06-16 02:05:45
Led Zeppelin;Stairway to Heaven;1971;Mustafa De Block;mustafa_de-block@protonmail.com;2024-06-24 13:54:03
U2;With or Without You;1987;Marianne Wouters;marianne_wouters@yahoo.com;2024-12-28 08:47:04
Jeff Buckley;Hallelujah;1994;Manfred Maes;manfred1maes@mnm.be;2024-07-03 03:59:31
Queen;Bohemian Rhapsody;1975;Moussa Van eynde;moussa123van-eynde@uhasselt.be;2024-04-18 01:01:10
Foo Fighters;The Pretender;2007;Moussa Van eynde;moussa.van.eynde@scarlet.be;2024-04-19 01:18:11
Zita Swoon;My Bond With You And Your Planet: Disco!;1998;Melroy Mertens;melroy_mertens@tijdloze.rocks;2024-06-03 15:43:53
Jeff Buckley;Hallelujah;1994;Mounir Claes;mounir-claes@min-min.com;2024-08-10 04:31:40
dEUS;Suds & Soda;1994;Martin De Block;martin1de_block@scarlet.be;2024-05-12 18:08:23
Bruce Springsteen;Born to Run;1975;Mirano Claes;mirano-claes@uhasselt.be;2024-05-05 18:57:11
Sinéad O'Connor;Troy;1987;Mitch Mertens;mitch_mertens@gmail.com;2024-07-27 11:32:06
Muse;Knights of Cydonia;2006;MachielMahmoed De Smet;machielmahmoed0de.smet@gmx.com;2024-01-11 17:07:25
Bob Marley & the Wailers;No Woman, No Cry;1974;Melody Peeters;melody-peeters@skyrnet.be;2024-03-24 07:44:47
Pearl Jam;Jeremy;1991;Marc-Marie De Smet;marc-marie-de-smet@outlook.com;2024-11-20 09:43:05
The Doors;The End;1967;Maxime Jacobs;maximeenjacobs@mail.google.com;2024-09-06 03:33:54
The Moody Blues;Nights in White Satin;1967;Misha Janssens;mishaenjanssens@protonmail.com;2024-08-15 01:20:43
The Doors;Riders on the Storm;1971;Micaël Janssens;micaël1janssens@studiobrussel.be;2024-05-25 10:28:57
Blur;Song 2;1997;Mattijn Janssens;mattijn123janssens@gmail.com;2024-05-17 12:42:42
Bob Dylan;Like a Rolling Stone;1965;Marnix De Smet;marnix-de_smet@studiobrussel.be;2024-04-25 03:21:21
The Sisters of Mercy;Alice;1982;Mattijn Van eynde;mattijn.van.eynde@tijdloze.rocks;2024-01-25 08:45:52
The Beatles;Let It Be;1970;Milou Maes;milou.maes@gmx.com;2024-11-02 09:47:58
Melissa Etheridge;Like the Way I Do;1988;Marieke De Smet;marieke_de.smet@mnm.be;2024-08-03 17:22:56
Depeche Mode;Enjoy the Silence;1990;Marloes Claes;marloes123claes@min-min.com;2024-10-26 20:53:45
U2;I Will Follow;1980;Michiel Van eynde;michiel0van-eynde@skyrnet.be;2024-02-25 23:34:11
Sinéad O'Connor;Troy;1987;Mohammed Maes;mohammed0maes@gmx.com;2024-02-06 20:17:29
Jimi Hendrix;All Along the Watchtower;1968;Mona Van der poel;mona@van.der.poel@protonmail.com;2024-05-05 20:19:18
Iron Maiden;Fear of the Dark;1992;Maxim Maes;maxim@maes@outlook.com;2024-12-16 14:31:57
Iggy Pop;The Passenger;1977;Mees Janssens;mees.janssens@gmx.com;2024-12-04 21:32:51
Black Sabbath;Paranoid;1970;Mounir Maes;mounirenmaes@outlook.com;2024-12-02 09:47:33
Gorki;Mia;1992;Marvin De Smet;marvin1desmet@gmail.com;2024-07-12 14:13:33
Nina Simone;Feeling Good;1965;Marc-Marie Van der poel;marc-marieenvanderpoel@mnm.be;2024-06-20 13:10:34
Adele;Someone like You;2011;Martinus Jacobs;martinus.jacobs@scarlet.be;2024-01-02 20:44:32
Lou Reed;Perfect Day;1972;Morris Van eynde;morris123van.eynde@mnm.be;2024-03-09 18:55:03
Deep Purple;Child in Time;1970;Maja Van der poel;maja-van-der-poel@tijdloze.rocks;2024-11-26 01:50:11
Iron Maiden;Run to the Hills;1982;Merle Peeters;merle-peeters@telenet.be;2024-12-19 12:46:06
The Cure;A Forest;1980;Michelle Van eynde;michelle_van.eynde@mail.google.com;2024-03-10 14:29:48
Lou Reed;Perfect Day;1972;Marijke Van eynde;marijke@van_eynde@hotmail.com;2024-07-08 07:21:30
Kate Bush;Wuthering Heights;1978;Michiel Goossens;michiel.goossens@vrt.be;2024-10-22 18:20:47
The Smashing Pumpkins;Disarm;1993;Martin Mertens;martin0mertens@vrt.be;2024-01-15 15:53:38
Muse;Knights of Cydonia;2006;Marieke Janssens;marieke@janssens@uhasselt.be;2024-03-23 17:52:19
Meat Loaf;Paradise by the Dashboard Light;1977;Merlijn Mertens;merlijn-mertens@telenet.be;2024-04-28 13:47:03
Led Zeppelin;Whole Lotta Love;1969;Max Peeters;max_peeters@studiobrussel.be;2024-07-14 08:40:53
T.C. Matic;Oh La La La;1981;Mireille Wouters;mireille.wouters@tijdloze.rocks;2024-03-03 12:52:13
Metallica;Master of Puppets;1986;Mayke Wouters;mayke0wouters@protonmail.com;2024-08-02 22:24:07
The Rolling Stones;Gimme Shelter;1969;Matty De Smet;matty1de-smet@telenet.be;2024-11-12 20:14:16
Bob Dylan;Like a Rolling Stone;1965;Mickey Van Aert;mickey.van_aert@min-min.com;2024-07-25 15:14:50
Jimi Hendrix;All Along the Watchtower;1968;Mia Goossens;mia123goossens@gmx.com;2024-04-13 13:03:23
Joy Division;Love Will Tear Us Apart;1980;Mario Maes;mario.maes@outlook.com;2024-05-20 21:37:03
Nirvana;Lithium;1991;Menno Goossens;menno1goossens@outlook.com;2024-08-23 21:19:42
Bob Marley & the Wailers;No Woman, No Cry;1974;Milou De Smet;milou_de_smet@tijdloze.rocks;2024-02-09 18:45:49
Faithless;Insomnia;1996;Mijndert Van der poel;mijndert.van-der-poel@mail.google.com;2024-06-23 08:03:10
The Cure;A Forest;1980;Marianne Maes;marianne1maes@studiobrussel.be;2024-08-19 13:40:59
Roxy Music;Avalon;1982;Marcia Claes;marcia_claes@outlook.com;2024-01-27 06:22:20
U2;One;1991;Marijke Janssens;marijke_janssens@tijdloze.rocks;2024-04-12 02:12:19
Deep Purple;Child in Time;1970;Mien Willems;mien123willems@mail.google.com;2024-11-11 14:47:08
Arcade Fire;Rebellion (Lies);2004;Miep Goossens;miep.goossens@min-min.com;2024-11-03 05:15:13
The Smiths;Bigmouth Strikes Again;1986;Merijn Jacobs;merijn.jacobs@yahoo.com;2024-01-15 20:08:53
Metallica;Master of Puppets;1986;Monique Mertens;monique123mertens@min-min.com;2024-05-16 11:01:52
Peter Gabriel;Solsbury Hill;1977;Maxim Wouters;maxim-wouters@scarlet.be;2024-05-12 06:28:27
Pearl Jam;Alive;1991;Melle Wouters;melle_wouters@gmail.com;2024-06-23 04:51:50
Depeche Mode;Enjoy the Silence;1990;Marc-Marie Janssens;marc-marieenjanssens@protonmail.com;2024-03-23 16:47:37
Eagles;Hotel California;1976;Marion Wouters;marion-wouters@outlook.com;2024-07-24 12:38:10
Fleetwood Mac;The Chain;1977;Maja Van eynde;maja1van.eynde@mail.google.com;2024-12-17 12:39:40
Jeff Buckley;Hallelujah;1994;Mia Claes;mia_claes@uhasselt.be;2024-07-28 02:35:57
R.E.M.;Losing My Religion;1991;Mink Jacobs;mink0jacobs@vrt.be;2024-10-24 20:39:11
David Bowie;Space Oddity;1969;Marian Maes;marian@maes@mail.google.com;2024-06-27 10:31:40
David Bowie;"""Heroes""";1977;Mees Van der poel;mees1van-der-poel@scarlet.be;2024-04-11 13:03:23
T.C. Matic;Oh La La La;1981;Marcia Willems;marcia0willems@min-min.com;2024-08-04 01:40:34
The Police;Message in a Bottle;1979;Mila Van eynde;mila_van_eynde@protonmail.com;2024-08-04 08:01:39
System of a Down;Chop Suey!;2001;Mathias Wouters;mathias_wouters@uhasselt.be;2024-02-23 02:30:38
The Sisters of Mercy;Alice;1982;Maja Jacobs;maja1jacobs@protonmail.com;2024-08-18 11:52:12
Radiohead;Karma Police;1997;Miroslav De Smet;miroslav1desmet@scarlet.be;2024-10-14 14:13:16
Bruce Springsteen;Born to Run;1975;Marnix Mertens;marnix0mertens@tijdloze.rocks;2024-06-05 03:57:49
Radiohead;Paranoid Android;1997;Madelief Janssens;madelief123janssens@scarlet.be;2024-09-25 02:15:38
Radiohead;Street Spirit (Fade Out);1995;Marc-Marie Van der poel;marc-marie@van-der-poel@vrt.be;2024-05-13 22:16:13
The Cure;A Forest;1980;Marion Van der poel;marion123van.der.poel@studiobrussel.be;2024-01-23 15:42:10
Bryan Adams;Summer of '69;1984;Myrthe De Smet;myrthe0de-smet@scarlet.be;2024-05-22 21:28:04
Eagles;Hotel California;1976;Moussa Wouters;moussa@wouters@scarlet.be;2024-05-04 21:52:38
Fleetwood Mac;The Chain;1977;Maria Peeters;mariaenpeeters@mnm.be;2024-01-18 05:21:41
System of a Down;Chop Suey!;2001;Mickey Goossens;mickey@goossens@mail.google.com;2024-10-13 13:30:51
Led Zeppelin;Whole Lotta Love;1969;Michel Mertens;michel1mertens@min-min.com;2024-12-27 01:51:38
Iggy Pop;The Passenger;1977;Margot De Block;margot@deblock@uhasselt.be;2024-05-21 18:08:52
The Beatles;Yesterday;1965;Milad Maes;milad@maes@vrt.be;2024-08-20 01:59:42
The Rolling Stones;Sympathy for the Devil;1968;Mira Van eynde;miraenvan-eynde@gmail.com;2024-03-07 07:53:01
Gorki;Mia;1992;Misja Mertens;misja1mertens@gmx.com;2024-09-18 09:12:43
The Killers;Mr. Brightside;2004;Maud Jacobs;maud0jacobs@gmail.com;2024-12-07 09:52:22
Led Zeppelin;Stairway to Heaven;1971;Melroy Van eynde;melroy1van-eynde@outlook.com;2024-02-21 16:39:18
AC/DC;Highway to Hell;1979;Madeleine Willems;madeleine@willems@outlook.com;2024-02-19 11:40:14
Melissa Etheridge;Like the Way I Do;1988;Myron Van der poel;myron.van.der.poel@gmail.com;2024-04-03 15:47:42
Ike & Tina Turner;River Deep - Mountain High;1966;Marcella De Smet;marcella1de.smet@gmx.com;2024-12-25 20:24:55
Jeff Buckley;Hallelujah;1994;Miep Van eynde;miep_van-eynde@skyrnet.be;2024-03-18 01:33:49
David Bowie;Space Oddity;1969;Meindert Claes;meindert_claes@scarlet.be;2024-03-22 17:31:02
Buffalo Tom;Taillights Fade;1992;Michel Goossens;michel_goossens@uhasselt.be;2024-12-24 13:32:33
Absynthe Minded;My Heroics, Part One;2005;Micil Van Aert;micilenvan-aert@mnm.be;2024-02-23 09:09:15
Red Zebra;I Can't Live in a Living Room;1980;Minka De Block;minka.de.block@skyrnet.be;2024-10-23 02:33:39
Cockney Rebel;Sebastian;1973;Maikel Wouters;maikel-wouters@mail.google.com;2024-11-05 09:18:52
Red Zebra;I Can't Live in a Living Room;1980;Myra Van Aert;myra@vanaert@scarlet.be;2024-03-09 14:58:34
Metallica;Enter Sandman;1991;Marion Goossens;marion0goossens@uhasselt.be;2024-03-24 22:36:39
The Offspring;Self Esteem;1994;Moniek Wouters;moniekenwouters@skyrnet.be;2024-07-18 09:34:40
Simple Minds;New Gold Dream (81-82-83-84);1982;Michel Jacobs;michel@jacobs@mnm.be;2024-05-04 23:36:34
Zita Swoon;My Bond With You And Your Planet: Disco!;1998;Mare Goossens;mareengoossens@mnm.be;2024-08-14 01:15:50
Eagles;Hotel California;1976;Manon Willems;manon-willems@outlook.com;2024-12-10 04:14:25
Red Hot Chili Peppers;Under the Bridge;1991;Marlies Van der poel;marlies@van-der-poel@yahoo.com;2024-01-26 22:54:16
Neil Young;Rockin' in the Free World;1989;Marion Wouters;marion.wouters@yahoo.com;2024-02-04 08:35:11
Metallica;Nothing Else Matters;1991;Marinus Mertens;marinusenmertens@skyrnet.be;2024-10-17 11:15:20
K's Choice;Not an Addict;1995;Maximiliaan Van Aert;maximiliaan-van-aert@hotmail.com;2024-02-26 22:41:58
Bruce Springsteen;The River;1980;Mohammed Mertens;mohammed0mertens@tijdloze.rocks;2024-04-09 19:27:31
Tom Waits;Martha;1973;Melody De Block;melody123de-block@uhasselt.be;2024-03-27 20:49:11
Nick Cave;The Ship Song;1990;Mandy Mertens;mandyenmertens@yahoo.com;2024-01-01 14:12:33
3 Doors Down;Kryptonite;2000;Maurits Van Aert;maurits1van-aert@min-min.com;2024-04-20 22:35:12
Faithless;God Is A DJ;1998;Michaela Janssens;michaelaenjanssens@hotmail.com;2024-11-24 17:05:51
Metallica;Enter Sandman;1991;Marike Jacobs;marikeenjacobs@outlook.com;2024-03-08 02:54:49
The Troggs;Wild Thing;1966;Mireille Goossens;mireille0goossens@yahoo.com;2024-06-27 13:56:10
Eddie Vedder;Society;2007;Marina Van Aert;marina_van_aert@protonmail.com;2024-01-15 01:16:36
Joy Division;Love Will Tear Us Apart;1980;Madelief Willems;madelief@willems@skyrnet.be;2024-05-18 09:40:30
The White Stripes;Seven Nation Army;2003;Marjan Claes;marjan@claes@mnm.be;2024-09-04 10:45:50
dEUS;Nothing Really Ends;2001;Marnick Jacobs;marnick0jacobs@min-min.com;2024-06-13 02:47:03
Sinéad O'Connor;Troy;1987;Micha Willems;micha.willems@yahoo.com;2024-10-23 22:27:32
Oasis;Wonderwall;1995;Marjolein Jacobs;marjolein1jacobs@mnm.be;2024-07-25 03:53:27
Deep Purple;Child in Time;1970;Monica Van eynde;monica.vaneynde@telenet.be;2024-11-23 01:33:22
Pearl Jam;Alive;1991;Myron Claes;myron1claes@mail.google.com;2024-08-13 19:18:13
The Troggs;Wild Thing;1966;Mathieu Maes;mathieu123maes@uhasselt.be;2024-02-14 22:24:21
Black Sabbath;Paranoid;1970;Marnix Van Aert;marnix1van.aert@outlook.com;2024-06-22 07:51:53
The Kinks;Lola;1970;Marijke Van Aert;marijke_van-aert@scarlet.be;2024-12-08 11:06:05
Cockney Rebel;Sebastian;1973;Mitchel Wouters;mitchelenwouters@min-min.com;2024-01-06 11:17:21
Sinéad O'Connor;Nothing Compares 2 U;1990;Mark Goossens;mark.goossens@outlook.com;2024-04-12 13:27:59
R.E.M.;Losing My Religion;1991;Monica Peeters;monica1peeters@hotmail.com;2024-10-24 18:59:27
Metallica;Nothing Else Matters;1991;Mees Van eynde;mees0van_eynde@telenet.be;2024-01-02 18:33:08
AC/DC;Whole Lotta Rosie;1977;Martijn Wouters;martijn.wouters@vrt.be;2024-02-13 16:38:14
Massive Attack;Unfinished Sympathy;1991;Marten Claes;marten123claes@tijdloze.rocks;2024-08-22 05:50:06
AC/DC;Whole Lotta Rosie;1977;Metin Van der poel;metin-van_der_poel@gmail.com;2024-06-10 13:03:41
The Scabs;Hard Times;1990;Marten Van eynde;marten.van.eynde@telenet.be;2024-06-01 03:44:48
Counting Crows;Mr. Jones;1993;Marlies Wouters;marliesenwouters@uhasselt.be;2024-06-12 06:54:08
Tom Waits;Martha;1973;Marjolein Mertens;marjolein0mertens@min-min.com;2024-09-21 12:34:04
Radiohead;Karma Police;1997;Mariëtte Peeters;mariëtte1peeters@protonmail.com;2024-09-14 05:55:07
Golden Earring;When the Lady Smiles;1984;Milana Janssens;milana@janssens@outlook.com;2024-10-06 22:25:28
Underworld;Born Slippy;1995;Morris Van eynde;morris.van.eynde@yahoo.com;2024-07-03 23:09:05
Steppenwolf;Born to Be Wild;1968;Meta Peeters;meta123peeters@outlook.com;2024-04-27 03:31:48
Prince;Sign 'O' The Times;1987;Moniek Peeters;moniek0peeters@scarlet.be;2024-06-25 01:17:00
Tracy Chapman;Fast Car;1988;Micha Goossens;micha.goossens@skyrnet.be;2024-02-06 21:32:15
Deep Purple;Child in Time;1970;Matthias Willems;matthias@willems@gmail.com;2024-12-13 23:23:19
Oasis;Wonderwall;1995;Maria Van eynde;maria.van-eynde@min-min.com;2024-11-12 19:30:28
The Scene;Blauw;1990;Marniks De Block;marniks.de.block@min-min.com;2024-02-04 05:46:26
Raymond van het Groenewoud;Meisjes;1977;MachielMahmoed Van Aert;machielmahmoed1van-aert@hotmail.com;2024-03-20 21:06:47
Editors;No Sound but the Wind;2010;Mariëtte Wouters;mariëtte-wouters@uhasselt.be;2024-09-04 03:58:49
Eagles;Hotel California;1976;Marc Jacobs;marc123jacobs@uhasselt.be;2024-05-16 12:15:53
3 Doors Down;Kryptonite;2000;Milo Claes;milo1claes@hotmail.com;2024-06-04 09:23:34
Black Sabbath;Paranoid;1970;Margaretha Van Aert;margaretha@van-aert@studiobrussel.be;2024-11-12 01:55:53
Eddie Vedder;Society;2007;Marco Van eynde;marco0van_eynde@scarlet.be;2024-12-17 16:03:05
Depeche Mode;Enjoy the Silence;1990;Mila Jacobs;mila123jacobs@mail.google.com;2024-10-26 10:41:47
Fleetwood Mac;The Chain;1977;Mirthe Claes;mirthe-claes@mnm.be;2024-06-12 09:49:12
Radiohead;Creep;1993;Murk Van eynde;murk_van.eynde@scarlet.be;2024-05-16 19:27:20
U2;With or Without You;1987;Mitchel Mertens;mitchel.mertens@vrt.be;2024-08-08 05:31:32
Nirvana;Lithium;1991;Marcel Van Aert;marcel123van-aert@tijdloze.rocks;2024-11-03 20:02:46
T.C. Matic;Oh La La La;1981;Mattijn Willems;mattijnenwillems@mnm.be;2024-05-07 15:34:23
R.E.M.;Losing My Religion;1991;Mona Claes;mona@claes@mnm.be;2024-05-21 23:49:20
Bryan Adams;Heaven;1984;Myra Van Aert;myra1van-aert@hotmail.com;2024-03-19 16:35:55
Radiohead;Karma Police;1997;Marco Peeters;marco123peeters@protonmail.com;2024-09-19 15:52:33
Arctic Monkeys;Do I Wanna Know?;2013;Mitis Mertens;mitis-mertens@protonmail.com;2024-11-13 05:35:42
Eagles;Hotel California;1976;Miroslav Willems;miroslavenwillems@protonmail.com;2024-06-24 11:15:52
Bruce Springsteen;The River;1980;Merle Jacobs;merle.jacobs@hotmail.com;2024-02-09 03:31:50
U2;New Year's Day;1983;Marnix Maes;marnix@maes@yahoo.com;2024-12-24 12:45:22
The Sisters of Mercy;Temple of Love;1983;Marijn Van eynde;marijn-van-eynde@min-min.com;2024-08-04 18:08:50
Dire Straits;Sultans of Swing;1978;Monica De Smet;monica@desmet@mail.google.com;2024-01-21 02:42:45
The Cranberries;Zombie;1994;Monica Wouters;monica_wouters@skyrnet.be;2024-03-12 11:30:59
Prince;Sign 'O' The Times;1987;Marniks Wouters;marniks123wouters@scarlet.be;2024-08-05 09:21:05
Oasis;Wonderwall;1995;Mina Goossens;minaengoossens@telenet.be;2024-10-18 14:41:10
Derek and the Dominos;Layla;1970;Merijn De Block;merijn.de_block@mail.google.com;2024-05-10 08:52:34
Tom Waits;Martha;1973;Mauro Janssens;mauro0janssens@protonmail.com;2024-05-28 18:09:59
Rage Against the Machine;Killing in the Name;1992;Miquel Janssens;miquel_janssens@min-min.com;2024-06-08 23:25:55
Eagles;Hotel California;1976;Midas Goossens;midas.goossens@tijdloze.rocks;2024-06-28 03:44:49
The Doors;Riders on the Storm;1971;Mara De Block;mara1deblock@uhasselt.be;2024-03-21 23:34:29
Golden Earring;When the Lady Smiles;1984;Marissa Van Aert;marissa-vanaert@uhasselt.be;2024-01-01 16:46:19
Queen;Bohemian Rhapsody;1975;Myrthe Wouters;myrthe.wouters@studiobrussel.be;2024-08-21 23:00:02
AC/DC;Highway to Hell;1979;Mariëlle Jacobs;mariëlle_jacobs@uhasselt.be;2024-03-02 03:49:19
Paolo Nutini;Iron Sky;2014;Mirano Wouters;miranoenwouters@studiobrussel.be;2024-04-08 17:07:24
The Rolling Stones;Sympathy for the Devil;1968;Marie Wouters;marie123wouters@mail.google.com;2024-12-26 16:30:06
Dire Straits;Brothers in Arms;1985;Marjolein Willems;marjolein123willems@skyrnet.be;2024-03-10 14:29:24
Billy Joel;Piano Man;1973;Marieke Peeters;marieke0peeters@uhasselt.be;2024-10-22 12:26:54
The Beatles;Let It Be;1970;Marja Claes;marja0claes@gmx.com;2024-07-10 09:18:35
Nirvana;Smells Like Teen Spirit;1991;Mireille Van eynde;mireille123van.eynde@outlook.com;2024-12-27 01:11:14
Metallica;Nothing Else Matters;1991;Marieke Janssens;marieke123janssens@mail.google.com;2024-09-14 02:50:43
Johnny Cash;Hurt;2002;Mireille Van eynde;mireille0van-eynde@uhasselt.be;2024-08-23 09:42:29
Dire Straits;Brothers in Arms;1985;Margriet Maes;margriet-maes@uhasselt.be;2024-10-06 10:54:45
Metallica;Nothing Else Matters;1991;Mira Van Aert;mira-vanaert@uhasselt.be;2024-09-25 09:00:44
Dire Straits;Sultans of Swing;1978;Matthijs Willems;matthijs.willems@mail.google.com;2024-12-28 03:15:55
Nirvana;Smells Like Teen Spirit;1991;Marcella Janssens;marcella1janssens@skyrnet.be;2024-12-02 10:37:46
Steppenwolf;Born to Be Wild;1968;Marius Peeters;marius123peeters@mnm.be;2024-08-03 20:15:26
The Offspring;Self Esteem;1994;Mies Van der poel;mies0van.der.poel@gmx.com;2024-05-18 18:40:07
Queen;Bohemian Rhapsody;1975;Marten Van der poel;marten1van-der-poel@mnm.be;2024-11-06 06:21:18
Nirvana;Lithium;1991;Maria Goossens;maria_goossens@gmx.com;2024-12-12 15:05:49
Depeche Mode;Enjoy the Silence;1990;Marc Peeters;marc123peeters@outlook.com;2024-06-10 20:32:19
Nick Cave;The Ship Song;1990;Monica Peeters;monica_peeters@telenet.be;2024-09-07 17:47:20
Oasis;Wonderwall;1995;Mirano Goossens;mirano1goossens@scarlet.be;2024-11-17 04:57:15
R.E.M.;Everybody Hurts;1992;Maja Maes;maja123maes@mnm.be;2024-12-01 12:10:36
Red Zebra;I Can't Live in a Living Room;1980;Mara Van Aert;mara_vanaert@scarlet.be;2024-08-24 05:06:51
Linkin Park;Numb;2003;Maike Goossens;maike1goossens@studiobrussel.be;2024-03-01 20:12:36
Nick Cave;Into My Arms;1997;Mira De Block;mira123de_block@tijdloze.rocks;2024-06-14 09:06:20
Bruce Springsteen;Born to Run;1975;Mika Van Aert;mika123vanaert@outlook.com;2024-11-25 09:10:03
Pixies;Where Is My Mind?;1988;Manuel De Smet;manuel@de-smet@mnm.be;2024-10-16 19:16:45
Metallica;Nothing Else Matters;1991;Miriam De Smet;miriam0de_smet@mail.google.com;2024-07-19 05:52:02
Pearl Jam;Black;1991;Morris Wouters;morris0wouters@yahoo.com;2024-03-04 07:46:31
U2;With or Without You;1987;Mika Wouters;mika.wouters@scarlet.be;2024-02-06 08:04:10
dEUS;Hotellounge;1994;Marc Van Aert;marcenvanaert@min-min.com;2024-09-02 08:48:02
Led Zeppelin;Stairway to Heaven;1971;Merijn Goossens;merijn_goossens@uhasselt.be;2024-07-07 07:40:46
Tool;Schism;2001;Marie Mertens;marie-mertens@vrt.be;2024-04-02 04:02:10
Linkin Park;In the End;2000;Myrthe Peeters;myrthe1peeters@skyrnet.be;2024-10-27 12:08:50
Nirvana;Smells Like Teen Spirit;1991;Milo De Block;milo1de.block@vrt.be;2024-11-05 02:04:58
Massive Attack;Unfinished Sympathy;1991;Maarten Van Aert;maarten.van-aert@uhasselt.be;2024-05-17 18:26:39
The Scene;Blauw;1990;Michiel Van eynde;michielenvan_eynde@outlook.com;2024-02-05 11:00:38
Lamb;Górecki;1996;Milo Goossens;milo123goossens@protonmail.com;2024-04-17 18:09:22
Queen;Bohemian Rhapsody;1975;Marissa Van eynde;marissa_vaneynde@outlook.com;2024-02-22 04:43:08
Dire Straits;Brothers in Arms;1985;Marcus Janssens;marcus@janssens@hotmail.com;2024-11-10 05:17:36
John Miles;Music;1976;Melle Janssens;melle-janssens@uhasselt.be;2024-08-26 04:55:12
Joy Division;Love Will Tear Us Apart;1980;Mauro Van eynde;mauro0van.eynde@gmx.com;2024-08-19 14:29:47
Nick Cave;Into My Arms;1997;Mario Mertens;mario1mertens@min-min.com;2024-09-02 02:33:53
Bush;Glycerine;1994;Mylène Goossens;mylène_goossens@gmail.com;2024-01-04 10:22:25
Meat Loaf;Paradise by the Dashboard Light;1977;Miquel Janssens;miquel0janssens@telenet.be;2024-01-16 20:13:05
Oasis;Champagne Supernova;1995;Miquel De Block;miquelende_block@tijdloze.rocks;2024-02-25 01:10:41
Neil Young;Like a Hurricane;1977;Miguel Mertens;miguel123mertens@gmx.com;2024-12-15 21:12:37
Neil Young;Like a Hurricane;1977;Marja Mertens;marja_mertens@vrt.be;2024-06-08 05:23:39
The Who;My Generation;1965;Madelief Claes;madelief0claes@gmail.com;2024-05-02 03:51:03
Fleetwood Mac;Go Your Own Way;1977;Max Willems;max0willems@mail.google.com;2024-06-23 11:45:01
Foo Fighters;The Pretender;2007;Mina Jacobs;minaenjacobs@protonmail.com;2024-02-11 13:24:19
Dire Straits;Sultans of Swing;1978;Megan Van der poel;megan1vanderpoel@vrt.be;2024-04-15 12:32:52
Fleetwood Mac;Everywhere;1987;Maikel Claes;maikel0claes@hotmail.com;2024-04-10 10:46:33
Bob Dylan;Like a Rolling Stone;1965;Monique Van eynde;moniqueenvaneynde@protonmail.com;2024-06-11 20:25:43
Dire Straits;Brothers in Arms;1985;Marion Maes;marion.maes@uhasselt.be;2024-05-06 17:06:13
Radiohead;Street Spirit (Fade Out);1995;Mart De Smet;mart-de.smet@skyrnet.be;2024-02-11 12:28:47
The Rolling Stones;(I Can't Get No) Satisfaction;1965;Murk Claes;murk_claes@telenet.be;2024-12-13 02:57:03
Tool;Schism;2001;Mitchell Claes;mitchell.claes@scarlet.be;2024-02-01 02:50:20
Bush;Glycerine;1994;Mark Jacobs;mark-jacobs@mnm.be;2024-03-06 07:13:34
The Rolling Stones;(I Can't Get No) Satisfaction;1965;Merve Mertens;merve@mertens@studiobrussel.be;2024-09-05 17:17:03
dEUS;Hotellounge;1994;Mylan Willems;mylan123willems@studiobrussel.be;2024-02-28 22:34:18
Led Zeppelin;Whole Lotta Love;1969;Marian Peeters;marian@peeters@skyrnet.be;2024-09-08 21:50:43
Pixies;Where Is My Mind?;1988;Maarten Peeters;maarten-peeters@studiobrussel.be;2024-02-13 02:46:19
R.E.M.;Losing My Religion;1991;Mark Goossens;mark@goossens@scarlet.be;2024-06-04 02:47:58
The Police;Roxanne;1978;Marlies Jacobs;marliesenjacobs@yahoo.com;2024-05-05 07:27:51
The Rolling Stones;(I Can't Get No) Satisfaction;1965;Miquel Mertens;miquelenmertens@scarlet.be;2024-06-23 03:52:51
The Cure;A Forest;1980;Mina Maes;mina0maes@vrt.be;2024-02-06 02:53:54
Nirvana;Lithium;1991;Mathijs Van eynde;mathijs0van.eynde@mnm.be;2024-07-21 01:17:43
Radiohead;Paranoid Android;1997;Mona De Smet;mona123de_smet@scarlet.be;2024-07-24 17:28:30
Eddie Vedder;Society;2007;Meindert De Block;meindert123de-block@telenet.be;2024-11-04 11:16:34
Guns n' Roses;Sweet Child o' Mine;1987;Meta Van eynde;meta.van-eynde@studiobrussel.be;2024-02-09 10:01:32
Neil Young;Like a Hurricane;1977;Maurits Claes;maurits1claes@uhasselt.be;2024-10-07 11:07:56
dEUS;Suds & Soda;1994;Midas Claes;midas.claes@mail.google.com;2024-05-06 16:50:26
Bruce Springsteen;The River;1980;Merve Goossens;merve@goossens@scarlet.be;2024-02-13 07:48:23
John Lennon;Imagine;1971;Marit Peeters;marit0peeters@mail.google.com;2024-04-27 20:21:25
Nick Cave;The Ship Song;1990;Martina Van Aert;martina@van_aert@gmx.com;2024-04-08 23:45:21
Tool;Schism;2001;Mickey Van Aert;mickey0van-aert@mail.google.com;2024-06-24 08:54:27
Pearl Jam;Alive;1991;Menno Peeters;mennoenpeeters@mnm.be;2024-05-19 17:36:55
K's Choice;Not an Addict;1995;Maya Van der poel;maya1vanderpoel@hotmail.com;2024-12-22 16:13:08
The Cranberries;Zombie;1994;Milo Van Aert;milo0vanaert@studiobrussel.be;2024-09-25 02:46:37
Radiohead;Street Spirit (Fade Out);1995;Mireille Wouters;mireille1wouters@skyrnet.be;2024-06-02 16:35:32
Simple Minds;Don't You (Forget About Me);1985;Misha Van eynde;misha1van-eynde@uhasselt.be;2024-10-25 20:19:16
Arctic Monkeys;I Bet You Look Good on the Dancefloor;2006;Mira Goossens;mira123goossens@mnm.be;2024-07-26 17:58:42
Nirvana;Come as You Are;1991;Marijke Mertens;marijkeenmertens@outlook.com;2024-12-28 21:34:33
Queen;Bohemian Rhapsody;1975;Mustafa Van der poel;mustafaenvan.der.poel@protonmail.com;2024-04-14 09:44:34
U2;One;1991;Mia Mertens;mia0mertens@yahoo.com;2024-02-10 10:09:59
The Killers;Mr. Brightside;2004;Maxim Van Aert;maxim1vanaert@scarlet.be;2024-01-27 23:50:13
David Bowie;Space Oddity;1969;Mona Van der poel;mona1van-der-poel@gmail.com;2024-10-21 06:37:42
Michael Kiwanuka;Cold Little Heart;2016;Maximiliaan Janssens;maximiliaan.janssens@gmail.com;2024-03-13 23:41:24
Radiohead;Creep;1993;Marissa Goossens;marissa0goossens@uhasselt.be;2024-04-07 23:13:13
Queens of the Stone Age;No One Knows;2002;Mien Van der poel;mien.van-der-poel@skyrnet.be;2024-04-26 04:06:50
R.E.M.;Losing My Religion;1991;Marcella Goossens;marcellaengoossens@telenet.be;2024-10-15 16:48:49
Pink Floyd;Shine On You Crazy Diamond;1975;Moussa Claes;moussa-claes@mail.google.com;2024-04-24 12:57:42
The Doors;Light My Fire;1967;Milo Goossens;milo1goossens@min-min.com;2024-11-23 11:36:22
Radiohead;Street Spirit (Fade Out);1995;Merve Janssens;merve1janssens@uhasselt.be;2024-12-25 16:11:12
Joy Division;Love Will Tear Us Apart;1980;Mitis Claes;mitis0claes@min-min.com;2024-04-23 04:34:08
Fischer-Z;So Long;1980;Mark Van eynde;mark-van-eynde@gmail.com;2024-01-01 23:47:15
Foo Fighters;The Pretender;2007;Maureen Peeters;maureen123peeters@vrt.be;2024-07-18 18:33:52
Deep Purple;Child in Time;1970;Melchior Peeters;melchior0peeters@uhasselt.be;2024-01-25 10:56:18
Underworld;Born Slippy;1995;Margaretha Peeters;margaretha-peeters@gmail.com;2024-03-11 14:52:43
Dire Straits;Brothers in Arms;1985;Minke Mertens;minke_mertens@mail.google.com;2024-06-06 20:19:55
Red Hot Chili Peppers;Under the Bridge;1991;Martien De Smet;martien_de-smet@scarlet.be;2024-08-16 23:39:27
AC/DC;Whole Lotta Rosie;1977;Miles Goossens;miles0goossens@skyrnet.be;2024-07-22 11:20:01
Bruce Springsteen;The River;1980;Mies Mertens;miesenmertens@uhasselt.be;2024-12-09 12:15:22
Red Hot Chili Peppers;Under the Bridge;1991;Mick De Smet;mick_desmet@mail.google.com;2024-01-05 17:47:55
U2;One;1991;Mies Peeters;mies_peeters@scarlet.be;2024-04-01 05:50:31
Radiohead;Creep;1993;Mae Van eynde;mae.vaneynde@skyrnet.be;2024-01-27 06:48:10
Nick Cave;The Ship Song;1990;Maaike Wouters;maaike123wouters@mail.google.com;2024-03-12 04:54:02
Billy Joel;Piano Man;1973;Matthew Peeters;matthew@peeters@studiobrussel.be;2024-05-13 03:32:39
Dire Straits;Private Investigations;1982;Moussa Wouters;moussa.wouters@scarlet.be;2024-07-10 12:57:59
Tom Waits;Martha;1973;Mels Van eynde;mels@vaneynde@min-min.com;2024-02-17 08:14:55
The Rolling Stones;Sympathy for the Devil;1968;Mona De Block;mona123de.block@uhasselt.be;2024-06-10 05:23:37
T.C. Matic;Oh La La La;1981;Miep Claes;miep.claes@yahoo.com;2024-10-20 07:10:43
T.C. Matic;Oh La La La;1981;Maxime Goossens;maxime-goossens@hotmail.com;2024-05-21 10:38:04
U2;New Year's Day;1983;Milou Wouters;milou-wouters@mnm.be;2024-06-15 14:29:26
Joe Cocker;With a Little Help from My Friends;1969;Marcel Van der poel;marcel_van.der.poel@mail.google.com;2024-06-01 03:17:03
Massive Attack;Unfinished Sympathy;1991;Manfred Maes;manfred0maes@studiobrussel.be;2024-12-28 08:38:52
System of a Down;Chop Suey!;2001;Marjolijn Maes;marjolijn-maes@yahoo.com;2024-09-20 09:38:48
Marvin Gaye;I Heard It Through the Grapevine;1968;Miriam Willems;miriam.willems@outlook.com;2024-01-28 08:29:47
Talking Heads;Once in a Lifetime;1980;Maurice Van der poel;maurice-van_der_poel@tijdloze.rocks;2024-09-23 04:47:20
Massive Attack;Unfinished Sympathy;1991;Mick Maes;mick0maes@gmail.com;2024-05-28 22:49:49
dEUS;Nothing Really Ends;2001;Mathias Van eynde;mathias-van_eynde@skyrnet.be;2024-10-17 14:07:09
Pink Floyd;Shine On You Crazy Diamond;1975;Marlene Willems;marlene.willems@outlook.com;2024-01-02 19:08:08
The Smashing Pumpkins;Disarm;1993;Monica Van der poel;monica_van_der_poel@vrt.be;2024-08-08 18:45:21
Tom Waits;Martha;1973;Merle De Smet;merle@de_smet@protonmail.com;2024-11-18 21:06:55
Metallica;Master of Puppets;1986;Madelief Wouters;madelief123wouters@hotmail.com;2024-10-14 19:06:14
Dire Straits;Brothers in Arms;1985;Miquel Janssens;miquel1janssens@vrt.be;2024-12-20 06:18:39
The Doors;Riders on the Storm;1971;Mariska Van eynde;mariska_van-eynde@studiobrussel.be;2024-04-23 18:45:35
Live;I Alone;1994;Michelle Mertens;michelle1mertens@min-min.com;2024-10-25 10:48:39
The Who;My Generation;1965;Madelon Maes;madelon@maes@outlook.com;2024-04-18 07:47:28
Sinéad O'Connor;Troy;1987;Mette Janssens;mette123janssens@gmx.com;2024-07-10 04:19:12
U2;With or Without You;1987;Mathijs De Smet;mathijs1de_smet@yahoo.com;2024-04-20 14:49:32
Arcade Fire;Rebellion (Lies);2004;Mae Peeters;mae-peeters@hotmail.com;2024-03-06 12:36:55
Bob Marley & the Wailers;No Woman, No Cry;1974;Micil Willems;micil-willems@yahoo.com;2024-07-06 01:16:04
Bruce Springsteen;Born to Run;1975;Mathilde Wouters;mathilde0wouters@gmail.com;2024-07-26 04:26:43
Fleetwood Mac;Everywhere;1987;Maurits De Smet;maurits0de.smet@uhasselt.be;2024-06-09 01:49:24
Fleetwood Mac;Dreams;1977;Margot Willems;margot123willems@uhasselt.be;2024-03-22 04:53:52
Pink Floyd;Money;1973;Milo Janssens;milo_janssens@gmail.com;2024-10-17 02:06:22
Iron Maiden;The Number of the Beast;1982;Mayra Mertens;mayra123mertens@studiobrussel.be;2024-04-03 10:46:02
Pink Floyd;Comfortably Numb;1979;Melle Wouters;melle-wouters@hotmail.com;2024-04-28 07:26:41
Arcade Fire;Rebellion (Lies);2004;Meike Willems;meike_willems@vrt.be;2024-02-06 06:43:15
Fleetwood Mac;Dreams;1977;Maximiliaan De Smet;maximiliaanende-smet@hotmail.com;2024-01-10 02:16:51
T.C. Matic;Oh La La La;1981;Marian Wouters;marian@wouters@skyrnet.be;2024-10-20 01:55:34
Metallica;Enter Sandman;1991;Mies Mertens;mies-mertens@tijdloze.rocks;2024-11-09 04:25:55
Oasis;Wonderwall;1995;Meike Van Aert;meike-van-aert@skyrnet.be;2024-07-17 22:27:53
The Doors;Light My Fire;1967;Mart Van der poel;mart123van-der-poel@hotmail.com;2024-10-27 04:18:16
R.E.M.;Drive;1992;Maya Claes;maya@claes@yahoo.com;2024-02-25 06:01:02
Pennywise;Bro Hymn Tribute;1997;Monica Willems;monica.willems@min-min.com;2024-03-06 17:43:18
Eels;That Look You Give That Guy;2009;Maartje Wouters;maartje@wouters@min-min.com;2024-09-22 19:24:45
The Cure;A Forest;1980;Milad Janssens;milad1janssens@telenet.be;2024-08-22 22:56:42
The Sisters of Mercy;Temple of Love;1983;Marie Maes;marie.maes@telenet.be;2024-03-05 23:47:11
Michael Jackson;Thriller;1982;Meindert De Block;meindert-de.block@protonmail.com;2024-07-14 19:16:33
Green Day;Basket Case;1994;Mees Goossens;mees0goossens@min-min.com;2024-10-15 04:49:47
Zita Swoon;My Bond With You And Your Planet: Disco!;1998;Mira Jacobs;mira0jacobs@skyrnet.be;2024-04-22 03:57:35
